,brand,model,sku
0,wmf,04 1627 0011,"{'产品功能': '榨汁 碎冰 搅拌 制奶昔 混合', '适用人数': '5人及以上', '颜色分类': '塑料杯款0416270011 不锈钢杯款0416410011'}"
1,bear/小熊,JBQ-D131,"{'产品功能': '榨汁\xa0切菜\xa0干磨\xa0搅拌\xa0打蛋', '适用人数': '1-3人', '颜色分类': '紫色'}"
2,wmf,04.1635.9911,"{'产品功能': '榨汁\xa0绞肉\xa0碎冰\xa0干磨\xa0搅拌\xa0打蛋\xa0制奶昔\xa0混合\xa0绞肉', '适用人数': '4-5人', '颜色分类': '手持式多功能料理机'}"
3,欧八,欧八HL-A,"{'产品功能': '榨汁 绞肉 碎冰 干磨 搅拌 制奶昔 绞肉', '适用人数': '4-5人', '颜色分类': '红色'}"
4,韩伟,M780,"{'产品功能': '鱼汤\xa0榨汁\xa0绞肉\xa0碎冰\xa0干磨\xa0搅拌\xa0制奶昔\xa0混合\xa0绞肉', '适用人数': '5人及以上', '颜色分类': '香槟金'}"
5,bear/小熊,JBQ-D1355,"{'产品功能': '榨汁 搅拌 打蛋 制奶昔 混合', '适用人数': '1-3人', '颜色分类': '紫色'}"
6,bear/小熊,LB-P919,"{'产品功能': '豆浆 浓汤 米糊\xa0榨汁\xa0切菜\xa0绞肉\xa0碎冰\xa0干磨\xa0搅拌\xa0制奶昔\xa0混合\xa0绞肉', '适用人数': '4-5人', '颜色分类': '红色'}"
7,bear/小熊,LB-P928,"{'产品功能': '榨汁\xa0切菜\xa0绞肉\xa0碎冰\xa0干磨\xa0搅拌\xa0制奶昔\xa0混合\xa0绞肉\xa0切丝 切片', '适用人数': '4-5人', '颜色分类': '金色'}"
8,bosch/博世,MSM2410,"{'产品功能': '榨汁\xa0绞肉\xa0碎冰\xa0搅拌\xa0打蛋\xa0制奶昔\xa0混合', '适用人数': '1-3人', '颜色分类': '蓝色'}"
9,bosch/博世,MSM66020,"{'产品功能': '榨汁\xa0搅拌', '适用人数': '1-3人', '颜色分类': '白色'}"
10,领锐,SY250C,"{'产品功能': '榨汁\xa0干磨\xa0搅拌\xa0制奶昔', '适用人数': '1-3人', '颜色分类': '绿色'}"
11,bosch/博世,MSME6110CN,"{'产品功能': '切菜\xa0绞肉\xa0搅拌\xa0打蛋\xa0制奶昔', '适用人数': '1-3人', '颜色分类': '白色'}"
12,bosch/博世,MSME7414CN,"{'产品功能': '搅拌\xa0切丝 切片', '适用人数': '4-5人', '颜色分类': '红色'}"
13,bosch/博世,MSMM8910CN,"{'产品功能': '切菜\xa0绞肉\xa0搅拌\xa0打蛋\xa0制奶昔', '适用人数': '1-3人', '颜色分类': '黑色'}"
14,braun/博朗, 4179,"{'产品功能': '搅拌\xa0制奶昔', '适用人数': '1-3人', '颜色分类': '绿色'}"
15,bear/小熊,JBQ-D05A1,"{'产品功能': '榨汁\xa0干磨\xa0搅拌\xa0绞肉\xa0切丝 切片', '适用人数': '5人及以上', '颜色分类': '褐色'}"
16,bear/小熊,JBQ-D05D2,"{'产品功能': '婴儿辅食 老人食物泥 宝宝食物\xa0榨汁\xa0切菜\xa0绞肉\xa0干磨\xa0搅拌\xa0打蛋\xa0制奶昔\xa0混合\xa0绞肉', '适用人数': '1-3人', '颜色分类': '褐色'}"
17,supor/苏泊尔,JP10DA-1300,"{'产品功能': '榨汁 绞肉 碎冰 搅拌 制奶昔 混合 绞肉', '适用人数': '4-5人', '颜色分类': '红色'}"
18,joyoung/九阳, JYL-C051,"{'产品功能': '榨汁 碎冰 搅拌 制奶昔', '适用人数': '1-3人', '颜色分类': 'C051'}"
19,braun/博朗, MQ5035,"{'产品功能': '榨汁\xa0绞肉\xa0搅拌\xa0打蛋\xa0制奶昔\xa0混合\xa0绞肉', '适用人数': '1-3人', '颜色分类': '灰色'}"
20,hattiecs/海蒂诗,RBM-775,"{'产品功能': '榨汁 绞肉 碎冰 干磨 搅拌 制奶昔 绞肉', '适用人数': '4-5人', '颜色分类': '至尊红 流光金'}"
21,家必康,2160,"{'产品功能': '榨汁 切菜 绞肉 碎冰 干磨 搅拌 和面 打蛋 制奶昔 混合 绞肉 切丝 切片', '适用人数': '4-5人', '颜色分类': '红色'}"
22,隆粤,B717,"{'产品功能': '榨汁 绞肉 碎冰 干磨 搅拌 制奶昔 绞肉', '适用人数': '4-5人', '颜色分类': '玫瑰金'}"
23,bear/小熊,QSJ-B02U2,"{'产品功能': '榨汁\xa0切菜\xa0制奶昔\xa0绞肉', '适用人数': '1-3人', '颜色分类': '粉色'}"
24,jeff/杰孚,FX-A5,"{'产品功能': '榨汁\xa0碎冰\xa0搅拌\xa0制奶昔', '适用人数': '4-5人', '颜色分类': '黑色'}"
25,韩伟,M730,"{'产品功能': '豆浆\xa0榨汁\xa0绞肉\xa0碎冰\xa0干磨\xa0搅拌\xa0打蛋\xa0制奶昔\xa0混合\xa0绞肉', '适用人数': '1-6人', '颜色分类': '红色'}"
26,joyoung/九阳, JYL-Y6,"{'产品功能': '酱汁、冰沙、浓汤、坚果\xa0榨汁\xa0搅拌\xa0制奶昔\xa0混合', '适用人数': '4-5人', '颜色分类': '黄色'}"
27,德能,BL-13A,"{'产品功能': '榨汁\xa0搅拌\xa0制奶昔', '适用人数': '5人及以上', '颜色分类': '紫色'}"
28,bear/小熊,JBQ-A05D2,"{'产品功能': '榨汁 切菜 绞肉 干磨 搅拌 打蛋 制奶昔 混合 绞肉', '适用人数': '1-3人', '颜色分类': '咖啡色'}"
29,joyoung/九阳, JYL-Y92,"{'产品功能': '榨汁 切菜 绞肉 碎冰 干磨 搅拌 制奶昔 混合 绞肉', '适用人数': '4-5人', '颜色分类': '黑色'}"
30,joyoung/九阳, L3-C1,"{'产品功能': '榨汁\xa0搅拌\xa0制奶昔\xa0混合', '适用人数': '1-3人', '颜色分类': '白色'}"
31,bear/小熊,QSJ-B02X5,"{'产品功能': '榨汁\xa0切菜\xa0制奶昔\xa0绞肉', '适用人数': '1-3人', '颜色分类': '绿色'}"
32,kaiso/凯索,8800,"{'产品功能': '榨汁 绞肉 碎冰 搅拌 打蛋 制奶昔 绞肉', '适用人数': '4-5人', '颜色分类': '香槟金'}"
33,blendtec,DESIGNER 625,"{'产品功能': '榨汁 碎冰', '适用人数': '5人及以上', '颜色分类': '白色'}"
34,aca/北美电器,AF-OR01,"{'产品功能': '榨汁\xa0搅拌\xa0制奶昔\xa0混合', '适用人数': '1-3人', '颜色分类': '熏衣紫'}"
35,bosch/博世,MFZ4050,"{'产品功能': '混合', '适用人数': '1-3人', '颜色分类': '开发票MQ300 开发票MQ325'}"
36,clara,MST-PBJ-V30,"{'产品功能': '榨汁 碎冰 干磨 搅拌 混合', '适用人数': '1-3人', '颜色分类': '红色'}"
37,kambrook,搅拌机,"{'产品功能': '榨汁 切菜 绞肉 碎冰 干磨 搅拌 打蛋 制奶昔 混合 绞肉', '适用人数': '4-5人', '颜色分类': '银色'}"
38,climax/客来美,HA-3093,"{'产品功能': '搅拌\xa0和面\xa0打蛋\xa0制奶昔\xa0混合\xa0绞肉', '适用人数': '1-3人', '颜色分类': '黑色'}"
39,minimei,HMM-203,"{'产品功能': '榨汁 绞肉 碎冰 搅拌 打蛋 制奶昔 绞肉', '适用人数': '1-3人', '颜色分类': '紫色'}"
40,amoi/夏新,TL-GB990,"{'产品功能': '榨汁\xa0绞肉\xa0碎冰\xa0干磨\xa0搅拌\xa0制奶昔', '适用人数': '4-5人', '颜色分类': '红色'}"
41,kenwood/建伍,CH580,"{'产品功能': '切菜 绞肉 碎冰 搅拌 混合', '适用人数': '1-3人', '颜色分类': '银色'}"
42,kenwood/建伍,HDP306WH,"{'产品功能': '榨汁\xa0绞肉\xa0搅拌\xa0打蛋\xa0混合', '适用人数': '5人及以上', '颜色分类': '灰色'}"
43,kenwood/建伍,HDP404WH,"{'产品功能': '切菜\xa0绞肉\xa0搅拌\xa0打蛋\xa0制奶昔', '适用人数': '1-3人', '颜色分类': '白色'}"
44,aunt mary/玛莉阿姨,HL-1898,"{'产品功能': '榨汁 切菜 绞肉 碎冰 干磨 搅拌 和面 打蛋 制奶昔 混合 绞肉', '适用人数': '5人及以上', '颜色分类': '红色'}"
45,kenwood/建伍,KM336,"{'产品功能': '搅拌\xa0和面\xa0打蛋\xa0混合', '适用人数': '4-5人', '颜色分类': '白色'}"
46,kenwood/建伍,SMP060,"{'产品功能': '榨汁 干磨 搅拌 制奶昔', '适用人数': '1-3人', '颜色分类': '白色'}"
47,kitchenaid,5QT 原装盆,"{'产品功能': '榨汁 切菜 绞肉 搅拌 打蛋 制奶昔 绞肉', '适用人数': '1-3人', '颜色分类': 'C012(三杯） C16D(一杯） C16V(三杯）'}"
48,joyoung/九阳, JYL-C012,"{'产品功能': '榨汁 碎冰 干磨 搅拌 制奶昔 混合 绞肉', '适用人数': '1-3人', '颜色分类': 'C012(三杯） C16D(一杯） C16V(三杯）'}"
49,dark horse/黑马,KM-699,"{'产品功能': '榨汁\xa0碎冰\xa0干磨\xa0搅拌\xa0制奶昔\xa0混合\xa0绞肉', '适用人数': '5人及以上', '颜色分类': '香槟金'}"
50,joyoung/九阳, JYL-C022,"{'产品功能': '绞肉\xa0碎冰\xa0干磨\xa0搅拌', '适用人数': '2-4人', '颜色分类': '白色'}"
51,krobell/康贝尔,6288,"{'产品功能': '搅拌\xa0制奶昔\xa0混合', '适用人数': '4-5人', '颜色分类': '白色'}"
52,bamix,M200,"{'产品功能': '绞肉 搅拌 和面 打蛋 制奶昔 混合 绞肉', '适用人数': '5人及以上', '颜色分类': '红色'}"
53,bamix,UNOLD ESGE,"{'产品功能': '榨汁\xa0搅拌', '适用人数': '4-5人', '颜色分类': '黑色'}"
54,barsone/朋森,BS-05L01,"{'产品功能': '榨汁\xa0绞肉\xa0碎冰\xa0干磨\xa0搅拌\xa0打蛋\xa0制奶昔\xa0混合\xa0切丝 切片', '适用人数': '4-5人', '颜色分类': '红色'}"
55,1号宝贝,OUYOU0011,"{'产品功能': '切菜 搅拌', '适用人数': '1-3人', '颜色分类': '粉色'}"
56,aca/北美电器,55522,"{'产品功能': '搅拌 和面 打蛋 混合', '适用人数': '5人及以上', '颜色分类': '尚友堂奶昔榨汁机（单杯） 尚友堂奶昔榨汁机（双杯） 尚友堂榨汁机4台批发价（单杯） 尚友堂榨汁机8台批发价（单杯）'}"
57,aca/北美电器,AHM-S300,"{'产品功能': '绞肉\xa0搅拌\xa0打蛋\xa0制奶昔\xa0切丝 切片', '适用人数': '4-5人', '颜色分类': '银色'}"
58,philips/飞利浦, HR1672,"{'产品功能': '绞肉 碎冰 搅拌 绞肉 切丝 切片', '适用人数': '4-5人', '颜色分类': '黑色'}"
59,ashton/阿诗顿,BL-175,"{'产品功能': '榨汁 绞肉 碎冰 干磨 制奶昔', '适用人数': '4-5人', '颜色分类': 'L18-Y68双杯 L18-Y68双杯+干磨杯'}"
60,aunt mary/玛莉阿姨,HL-1888,"{'产品功能': '榨汁 切菜 绞肉 碎冰 干磨 搅拌 和面 打蛋 制奶昔 混合 绞肉', '适用人数': '5人及以上', '颜色分类': '红色'}"
61,aux/奥克斯,HX-390,"{'产品功能': '榨汁 绞肉 碎冰 干磨 搅拌 制奶昔 混合 绞肉', '适用人数': '1-4人', '颜色分类': '双刀三杯 特价清仓数量有限'}"
62,philips/飞利浦, HR1673,"{'产品功能': '绞肉\xa0搅拌\xa0打蛋', '适用人数': '5人及以上', '颜色分类': '黑色'}"
63,aux/奥克斯,HX-401G,"{'产品功能': '豆浆\xa0干磨\xa0搅拌', '适用人数': '1-4人', '颜色分类': '橙色'}"
64,aux/奥克斯,HX-FS01,"{'产品功能': '榨汁\xa0搅拌\xa0制奶昔\xa0混合', '适用人数': '5人及以上', '颜色分类': '黄色'}"
65,bamix,G200 350,"{'产品功能': '绞肉 搅拌 和面 打蛋 制奶昔 混合 绞肉', '适用人数': '1-3人', '颜色分类': '紫色'}"
66,bamix,G200 G350,"{'产品功能': '切菜\xa0搅拌\xa0打蛋\xa0制奶昔', '适用人数': '1-3人', '颜色分类': '红色'}"
67,bear/小熊,LLJ-A05H1,"{'产品功能': '榨汁\xa0搅拌\xa0制奶昔\xa0混合', '适用人数': '1-3人', '颜色分类': '绿色'}"
68,philips/飞利浦, HR2056/00,"{'产品功能': '榨汁 碎冰 搅拌 制奶昔', '适用人数': '1-3人', '颜色分类': '粉色 紫色'}"
69,bear/小熊,LLJ-A12A1,"{'产品功能': '榨汁\xa0干磨\xa0搅拌\xa0制奶昔\xa0混合\xa0绞肉', '适用人数': '5人及以上', '颜色分类': '咖啡色'}"
70,bear/小熊,LLJ-B08D1,"{'产品功能': '豆浆\xa0榨汁\xa0干磨\xa0搅拌\xa0混合\xa0绞肉', '适用人数': '1-5人', '颜色分类': '紫色'}"
71,bear/小熊,LLJ-A12G1,"{'产品功能': '婴儿辅食、面膜、豆浆\xa0榨汁\xa0干磨\xa0搅拌\xa0制奶昔\xa0混合\xa0绞肉\xa0切丝 切片', '适用人数': '1-3人', '颜色分类': '紫色'}"
72,bear/小熊,LLJ-A12Q3,"{'产品功能': '婴儿辅食、面膜、豆浆 榨汁 干磨 搅拌 制奶昔 混合 绞肉', '适用人数': '1-3人', '颜色分类': '深紫【收藏加购宝贝领券立减】'}"
73,bear/小熊,LLJ-A12W8,"{'产品功能': '豆浆\xa0榨汁\xa0干磨\xa0搅拌\xa0打蛋\xa0混合\xa0绞肉', '适用人数': '1-5人', '颜色分类': '蓝色'}"
74,bear/小熊,LLJ-B08G2,"{'产品功能': '豆浆\xa0榨汁\xa0干磨\xa0搅拌\xa0混合', '适用人数': '1-5人', '颜色分类': '白色'}"
75,krups,HP503180,"{'产品功能': '打发、油煎、蒸、炖、煮、炒、烩、乳化、保温\xa0榨汁\xa0绞肉\xa0碎冰\xa0干磨\xa0搅拌\xa0和面\xa0打蛋\xa0切丝 切片', '适用人数': '4-5人', '颜色分类': '白色'}"
76,bear/小熊,LLJ-B08J5,"{'产品功能': '榨汁\xa0搅拌\xa0混合', '适用人数': '1-5人', '颜色分类': '白色'}"
77,bear/小熊,LLJ-B12A1,"{'产品功能': '婴儿辅食、面膜、冰沙、豆浆 榨汁 干磨 搅拌 制奶昔 混合 绞肉', '适用人数': '1-5人', '颜色分类': '褐色'}"
78,bear/小熊,LLJ-B12K1,"{'产品功能': '婴儿辅食、面膜、豆浆\xa0榨汁\xa0干磨\xa0搅拌\xa0制奶昔\xa0混合\xa0绞肉', '适用人数': '1-5人', '颜色分类': '白色'}"
79,bear/小熊,QSJ-A01F2,"{'产品功能': '榨汁\xa0切菜\xa0制奶昔\xa0绞肉', '适用人数': '1-2人', '颜色分类': '蓝色'}"
80,bear/小熊,QSJ-A03A1,"{'产品功能': '切菜\xa0绞肉\xa0搅拌\xa0绞肉', '适用人数': '1-3人', '颜色分类': '紫色'}"
81,bear/小熊,QSJ-B02S1,"{'产品功能': '辅食\xa0榨汁\xa0切菜\xa0绞肉', '适用人数': '1-3人', '颜色分类': '白色'}"
82,bosch/博世,MMBS67GMCN,"{'产品功能': '榨汁 绞肉 碎冰 干磨 搅拌 制奶昔 混合 绞肉', '适用人数': '5人及以上', '颜色分类': '白色'}"
83,bear/小熊,QSJ-B03D1,"{'产品功能': '切菜\xa0绞肉\xa0干磨\xa0绞肉', '适用人数': '4-5人', '颜色分类': '咖啡色'}"
84,bear/小熊,QSJ-B03R2,"{'产品功能': '榨汁\xa0切菜\xa0绞肉\xa0切丝 切片', '适用人数': '1-3人', '颜色分类': '蓝色'}"
85,binglo,HS-302H,"{'产品功能': '榨汁 绞肉 碎冰 搅拌 制奶昔 绞肉', '适用人数': '4-5人', '颜色分类': '白色'}"
86,bosch/博世,54A00,"{'产品功能': '榨汁 切菜 绞肉 碎冰 搅拌 和面 打蛋 混合 绞肉', '适用人数': '1-3人', '颜色分类': '红色'}"
87,skg,1293,"{'产品功能': '榨汁\xa0切菜\xa0绞肉\xa0打蛋\xa0制奶昔', '适用人数': '1-3人', '颜色分类': '黑色'}"
88,braun/博朗, FP3010,"{'产品功能': '切菜\xa0搅拌\xa0和面\xa0打蛋\xa0制奶昔\xa0混合\xa0切丝 切片', '适用人数': '4-5人', '颜色分类': '白色'}"
89,braun/博朗, JB7192,"{'产品功能': '榨汁 绞肉 碎冰 搅拌 制奶昔 混合', '适用人数': '1-3人', '颜色分类': '银色'}"
90,braun/博朗, JM3013,"{'产品功能': '榨汁 切菜 绞肉 碎冰 搅拌 打蛋 制奶昔 混合 绞肉', '适用人数': '1-3人', '颜色分类': 'HR1608'}"
91,braun/博朗, MQ300,"{'产品功能': '绞肉 搅拌 打蛋 制奶昔 绞肉', '适用人数': '1-3人', '颜色分类': 'MQ300 MQ325 MQ505 MQ525 MQ545 MQ705 MQ745 MQ787'}"
92,braun/博朗, MQ3000,"{'产品功能': '榨汁 搅拌 制奶昔 混合', '适用人数': '1-3人', '颜色分类': '黑色'}"
93,braun/博朗, MQ3025,"{'产品功能': '榨汁\xa0绞肉\xa0搅拌\xa0打蛋\xa0制奶昔\xa0混合', '适用人数': '1-3人', '颜色分类': '蓝色'}"
94,braun/博朗, MQ325,"{'产品功能': '切菜\xa0搅拌\xa0打蛋\xa0制奶昔', '适用人数': '1-3人', '颜色分类': '开发票MQ300 开发票MQ325'}"
95,braun/博朗, MQ500,"{'产品功能': '榨汁 切菜 绞肉 碎冰 干磨 搅拌 打蛋 制奶昔 混合 绞肉', '适用人数': '1-3人', '颜色分类': '白色'}"
96,braun/博朗, MQ5025,"{'产品功能': '榨汁 绞肉 搅拌 打蛋 制奶昔 混合 绞肉', '适用人数': '1-3人', '颜色分类': '黑色'}"
97,braun/博朗, MQ505,"{'产品功能': '搅拌 打蛋 制奶昔', '适用人数': '1-3人', '颜色分类': 'MQ505全国联保'}"
98,braun/博朗, MQ525,"{'产品功能': '宝宝辅食 榨汁 切菜 绞肉 搅拌 打蛋 制奶昔 绞肉', '适用人数': '1-3人', '颜色分类': '白色'}"
99,braun/博朗, MQ530,"{'产品功能': '搅拌\xa0打蛋\xa0制奶昔\xa0混合\xa0绞肉', '适用人数': '1-3人', '颜色分类': '白色'}"
100,braun/博朗, MQ545,"{'产品功能': '切菜 绞肉 碎冰 搅拌 打蛋 制奶昔', '适用人数': '1-3人', '颜色分类': '机打发票联保MQ505 机打发票联保Q525 机打发票联保MQ545'}"
101,braun/博朗, MQ700,"{'产品功能': '榨汁 切菜 绞肉 碎冰 干磨 搅拌 和面 打蛋 制奶昔 混合 绞肉 切丝 切片', '适用人数': '4-5人', '颜色分类': '黑色'}"
102,braun/博朗, MQ700料理机配件,"{'产品功能': '榨汁\xa0切菜\xa0制奶昔\xa0绞肉', '适用人数': '1-2人', '颜色分类': '蓝色'}"
103,braun/博朗, MQ705,"{'产品功能': '搅拌\xa0打蛋\xa0制奶昔', '适用人数': '1-3人', '颜色分类': 'MQ705 正品带票 全国联保 MQ745 正品带票 全国联保 MQ787 正品带票 全国联保'}"
104,braun/博朗, MQ745/MQ785,"{'产品功能': '榨汁\xa0切菜\xa0绞肉\xa0碎冰\xa0搅拌\xa0打蛋\xa0制奶昔', '适用人数': '5人及以上', '颜色分类': '黑色'}"
105,braun/博朗, MQ785,"{'产品功能': '榨汁 切菜 绞肉 搅拌 打蛋 制奶昔 绞肉', '适用人数': '1-3人', '颜色分类': '黑色'}"
106,braun/博朗, MQ787,"{'产品功能': '切菜\xa0绞肉\xa0搅拌\xa0和面\xa0打蛋\xa0制奶昔\xa0切丝 切片', '适用人数': '1-3人', '颜色分类': '黑色'}"
107,braun/博朗, MQ9087X,"{'产品功能': '榨汁\xa0切菜\xa0绞肉\xa0搅拌\xa0和面\xa0打蛋\xa0制奶昔\xa0混合\xa0切丝 切片', '适用人数': '1-3人', '颜色分类': '黑色'}"
108,clara,XD-K20E,"{'产品功能': '榨汁 切菜 绞肉 碎冰 干磨 搅拌 和面 打蛋 制奶昔 混合 绞肉 切丝 切片', '适用人数': '4-5人', '颜色分类': '红色'}"
109,long plus,60,"{'产品功能': '榨汁\xa0切菜\xa0绞肉\xa0碎冰\xa0干磨\xa0搅拌\xa0制奶昔\xa0混合\xa0绞肉', '适用人数': '5人及以上', '颜色分类': '粉色'}"
110,deass/德氏,FE318F1,"{'产品功能': '榨汁 切菜 绞肉 碎冰 干磨 搅拌 和面 打蛋 制奶昔 混合 绞肉', '适用人数': '4-5人', '颜色分类': '蓝色'}"
111,electrolux/伊莱克斯,EMB3005,"{'产品功能': '榨汁\xa0绞肉\xa0碎冰\xa0干磨\xa0搅拌', '适用人数': '1-3人', '颜色分类': '银色'}"
112,fagor/法格,BV-373B,"{'产品功能': '榨汁\xa0干磨\xa0搅拌\xa0制奶昔\xa0混合\xa0绞肉', '适用人数': '1-3人', '颜色分类': '白色'}"
113,fagor/法格,BV-375KNA,"{'产品功能': '榨汁\xa0切菜\xa0绞肉\xa0碎冰\xa0干磨\xa0搅拌\xa0和面\xa0打蛋\xa0制奶昔', '适用人数': '5人及以上', '颜色分类': '白色'}"
114,fornonr/方奈优品,FN-800,"{'产品功能': '榨汁 绞肉 碎冰 搅拌 混合 绞肉', '适用人数': '5人及以上', '颜色分类': '黑色'}"
115,fronton/弗朗顿,JB-1525AG,"{'产品功能': '榨汁 切菜 绞肉 碎冰 干磨 搅拌 打蛋 制奶昔 混合 绞肉', '适用人数': '5人及以上', '颜色分类': '黑色'}"
116,fronton/弗朗顿,MNS-PB106,"{'产品功能': '榨汁 切菜 绞肉 搅拌 制奶昔', '适用人数': '5人及以上', '颜色分类': '黑色'}"
117,fulaier/福莱尔,FLE-219C,"{'产品功能': '榨汁\xa0绞肉\xa0碎冰\xa0干磨\xa0搅拌\xa0和面\xa0打蛋\xa0制奶昔\xa0混合\xa0绞肉', '适用人数': '4-5人', '颜色分类': '紫色'}"
118,german pool/德国宝,PRO-10,"{'产品功能': '榨汁\xa0绞肉\xa0碎冰\xa0干磨\xa0搅拌\xa0制奶昔\xa0混合', '适用人数': '5人及以上', '颜色分类': '白色'}"
119,fulaier/福莱尔,FLE-219F,"{'产品功能': '榨汁\xa0绞肉\xa0碎冰\xa0干磨\xa0搅拌\xa0和面\xa0打蛋\xa0制奶昔\xa0混合\xa0绞肉', '适用人数': '4-5人', '颜色分类': '绿色'}"
120,fulaier/福莱尔,FLE518A,"{'产品功能': '榨汁\xa0绞肉\xa0碎冰\xa0干磨\xa0搅拌\xa0制奶昔\xa0混合', '适用人数': '4-5人', '颜色分类': '蓝色'}"
121,hap/韩派,M400,"{'产品功能': '榨汁 绞肉 碎冰 干磨 搅拌 和面 打蛋 制奶昔 混合 绞肉', '适用人数': '5人及以上', '颜色分类': '香槟金'}"
122,fxunshi/华迅仕,MD-8500A,"{'产品功能': '榨汁\xa0切菜\xa0绞肉\xa0干磨\xa0搅拌\xa0和面\xa0打蛋', '适用人数': '5人及以上', '颜色分类': '黑色'}"
123,gemside/捷赛,JSP01,"{'产品功能': '榨汁\xa0绞肉\xa0碎冰\xa0干磨\xa0搅拌\xa0制奶昔\xa0混合', '适用人数': '4-5人', '颜色分类': '红色'}"
124,hattiecs/海蒂诗,AJ-5123,"{'产品功能': '切菜 绞肉 碎冰 干磨 搅拌 制奶昔 混合 绞肉', '适用人数': '1-3人', '颜色分类': '卡其色'}"
125,hattiecs/海蒂诗,RBM-728,"{'产品功能': '榨汁 绞肉 碎冰 干磨 搅拌 制奶昔 混合 绞肉', '适用人数': '5人及以上', '颜色分类': '绅士红'}"
126,haier/海尔,HBB-B0105,"{'产品功能': '榨汁\xa0切菜\xa0绞肉\xa0搅拌\xa0打蛋\xa0制奶昔\xa0混合\xa0绞肉', '适用人数': '1-3人', '颜色分类': '白色'}"
127,herpusi,HC-1500,"{'产品功能': '碎冰\xa0搅拌\xa0制奶昔\xa0混合', '适用人数': '4-5人', '颜色分类': '红色'}"
128,herpusi,HC-302Q,"{'产品功能': '榨汁 绞肉 碎冰 干磨 搅拌 打蛋 制奶昔 混合 绞肉', '适用人数': '1-3人', '颜色分类': '黑色'}"
129,herpusi,HD-175A,"{'产品功能': '豆浆，玉米汁，营养糊，宝宝辅食，老人流食 榨汁 碎冰 干磨 搅拌 制奶昔 混合', '适用人数': '4-5人', '颜色分类': '玫瑰金'}"
130,hgsuper,HG7701,"{'产品功能': '榨汁 切菜 绞肉 碎冰 干磨 搅拌 和面 打蛋 制奶昔 混合 绞肉 切丝 切片', '适用人数': '1-5人', '颜色分类': '黑色'}"
131,hgsuper,HG7702,"{'产品功能': '榨汁 绞肉 碎冰 干磨 搅拌 打蛋 制奶昔 混合 绞肉', '适用人数': '4-5人', '颜色分类': '灰色'}"
132,home-mill/好磨家,HMJ-1001,"{'产品功能': '榨汁 绞肉 碎冰 干磨 搅拌 制奶昔 绞肉', '适用人数': '1-3人', '颜色分类': '白色 绿色 橙色'}"
133,hyundai/现代,089,"{'产品功能': '绞肉\xa0碎冰\xa0搅拌\xa0和面\xa0打蛋\xa0混合\xa0绞肉', '适用人数': '4-5人', '颜色分类': '蓝色 白色'}"
134,hyundai/现代,QC-JR089,"{'产品功能': '榨汁 切菜 绞肉 碎冰 干磨 搅拌 和面 打蛋 制奶昔 混合 绞肉', '适用人数': '4-5人', '颜色分类': '升级版5件套 升级版5件套+研磨杯'}"
135,luby/洛贝,LBL-SL01,"{'产品功能': '糊  粥 蒸煮 果蔬汁  汤羹 冰沙\xa0榨汁\xa0碎冰\xa0搅拌\xa0混合', '适用人数': '4-5人', '颜色分类': '白色'}"
136,jese/洁氏,JS-100G,"{'产品功能': '榨汁\xa0绞肉\xa0碎冰\xa0干磨\xa0搅拌\xa0制奶昔\xa0混合', '适用人数': '4-5人', '颜色分类': '黑色'}"
137,jese/洁氏,JS-100Y,"{'产品功能': '加热,豆浆,米糊,宝宝辅食,浓汤,绵粥\xa0榨汁\xa0绞肉\xa0碎冰\xa0干磨\xa0搅拌\xa0打蛋\xa0制奶昔\xa0混合\xa0绞肉', '适用人数': '4-5人', '颜色分类': '白色'}"
138,joyoung/九阳, JYL-C020E,"{'产品功能': '绞肉\xa0碎冰\xa0干磨\xa0搅拌\xa0打蛋\xa0制奶昔\xa0混合\xa0绞肉', '适用人数': '4-5人', '颜色分类': '白色'}"
139,joyoung/九阳, C020E,"{'产品功能': '榨汁 搅拌 打蛋 制奶昔 混合', '适用人数': '4-5人', '颜色分类': '紫色'}"
140,joyoung/九阳, C91T,"{'产品功能': '碎冰 干磨 搅拌 制奶昔 混合 绞肉', '适用人数': '1-3人', '颜色分类': '黑色'}"
141,joyoung/九阳, JYB-F1,"{'产品功能': '搅拌\xa0打蛋\xa0制奶昔\xa0混合\xa0绞肉', '适用人数': '4-5人', '颜色分类': '白色'}"
142,joyoung/九阳, JYL-C010,"{'产品功能': '榨汁\xa0绞肉\xa0碎冰\xa0干磨\xa0搅拌\xa0制奶昔\xa0混合', '适用人数': '4-5人', '颜色分类': '白色'}"
143,joyoung/九阳, JYL-C012料理机,"{'产品功能': '榨汁 绞肉 碎冰 干磨 搅拌 混合', '适用人数': '4-5人', '颜色分类': '银色'}"
144,joyoung/九阳, JYL-C020E料理机,"{'产品功能': '绞肉 碎冰 干磨 搅拌 打蛋 制奶昔 混合 绞肉', '适用人数': '4-5人', '颜色分类': '蓝色'}"
145,joyoung/九阳, JYL-C022E,"{'产品功能': '宝宝辅食 婴儿辅食\xa0榨汁\xa0绞肉\xa0碎冰\xa0干磨\xa0搅拌\xa0制奶昔\xa0混合\xa0绞肉', '适用人数': '1-3人', '颜色分类': '白色'}"
146,mcdou/麦豆,FSJD2,"{'产品功能': '榨汁 切菜 绞肉 搅拌 制奶昔 混合 绞肉', '适用人数': '1-3人', '颜色分类': '香槟金'}"
147,joyoung/九阳, JYL-C051料理机,"{'产品功能': '榨汁 碎冰 搅拌 制奶昔', '适用人数': '1-3人', '颜色分类': '白色 绿色 橙色'}"
148,meichen/美星晨,MXC-02,"{'产品功能': '榨汁 切菜 绞肉 碎冰 干磨 搅拌 和面 绞肉 切丝 切片', '适用人数': '4-5人', '颜色分类': '红色'}"
149,joyoung/九阳, JYL-C16D,"{'产品功能': '榨汁 切菜 绞肉 碎冰 干磨 搅拌 打蛋 制奶昔 混合 绞肉 切丝 切片', '适用人数': '1-3人', '颜色分类': 'C16D(1个杯坐） C16V(3个杯坐） C06T(1个杯坐）'}"
150,joyoung/九阳, JYL-C16V,"{'产品功能': '榨汁 绞肉 碎冰 干磨 搅拌 制奶昔 绞肉', '适用人数': '4-5人', '颜色分类': 'C16V(3个杯）官方正品 C16D(一个杯) C051(一个杯) C012(3杯3刀）'}"
151,joyoung/九阳, JYL-C19V,"{'产品功能': '榨汁 碎冰 干磨 搅拌 制奶昔 混合', '适用人数': '1-3人', '颜色分类': '红色'}"
152,joyoung/九阳, JYL-C50T,"{'产品功能': '榨汁 绞肉 碎冰 干磨 搅拌 制奶昔 绞肉', '适用人数': '1-3人', '颜色分类': 'C50T标配 C50T+2个备用刀片 C50T+2个备用刀片+陶瓷刀具2件套 C50T+2个备用刀片+厨房15件套 C50T+2刀片+陶瓷2件+厨房15件套'}"
153,joyoung/九阳, JYL-C50T料理机,"{'产品功能': '榨汁 绞肉 碎冰 干磨 搅拌 制奶昔 绞肉', '适用人数': '1-3人', '颜色分类': 'HR1608'}"
154,joyoung/九阳, JYL-C902D,"{'产品功能': '榨汁 制奶昔', '适用人数': '1-3人', '颜色分类': '红色'}"
155,joyoung/九阳, JYL-C91T料理机,"{'产品功能': '碎冰 干磨 搅拌 制奶昔 混合 绞肉', '适用人数': '1-3人', '颜色分类': '白色'}"
156,joyoung/九阳, JYL-D020,"{'产品功能': '榨汁\xa0切菜\xa0绞肉\xa0碎冰\xa0干磨\xa0搅拌\xa0和面\xa0制奶昔\xa0混合\xa0绞肉\xa0切丝 切片', '适用人数': '1-3人', '颜色分类': '白色'}"
157,joyoung/九阳, JYL-D022,"{'产品功能': '榨汁\xa0切菜\xa0绞肉\xa0碎冰\xa0干磨\xa0搅拌\xa0和面\xa0打蛋\xa0制奶昔\xa0混合\xa0绞肉\xa0切丝 切片', '适用人数': '4-5人', '颜色分类': '白色'}"
158,midea/美的, BL25B31,"{'产品功能': '榨汁 切菜 绞肉 碎冰 干磨 搅拌 和面 打蛋 制奶昔 混合 绞肉', '适用人数': '1-3人', '颜色分类': 'BL25B31【普通快递】169 BL25B31【顺丰速运】179'}"
159,joyoung/九阳, JYL-F901,"{'产品功能': '榨汁 搅拌 打蛋 制奶昔 混合 绞肉', '适用人数': '1-3人', '颜色分类': 'JYL-F810 JYL-F901'}"
160,joyoung/九阳, JYL-G12,"{'产品功能': '绞肉\xa0碎冰\xa0干磨\xa0搅拌\xa0制奶昔\xa0混合\xa0绞肉', '适用人数': '4-5人', '颜色分类': '黑色'}"
161,midea/美的, BL25B36,"{'产品功能': '干磨\xa0搅拌', '适用人数': '3-4人', '颜色分类': '美的正品 假一赔十 全国联保'}"
162,midea/美的, MJ-BL10K21,"{'产品功能': '碎冰 搅拌 混合 绞肉', '适用人数': '4-5人', '颜色分类': '红色'}"
163,joyoung/九阳, JYL-G12E,"{'产品功能': '绞肉 碎冰 干磨 搅拌 制奶昔 混合 绞肉', '适用人数': '4-5人', '颜色分类': '黑色'}"
164,joyoung/九阳, JYL-Y11,"{'产品功能': '榨汁\xa0绞肉\xa0碎冰\xa0干磨\xa0搅拌', '适用人数': '5人及以上', '颜色分类': '红色'}"
165,joyoung/九阳, JYL-Y12H,"{'产品功能': '豆浆\xa0榨汁\xa0绞肉\xa0碎冰\xa0干磨\xa0搅拌\xa0混合\xa0绞肉', '适用人数': '4-5人', '颜色分类': '红色'}"
166,joyoung/九阳, JYL-Y29,"{'产品功能': '榨汁 切菜 绞肉 碎冰 干磨 搅拌 和面 打蛋 制奶昔 混合 绞肉 切丝 切片', '适用人数': '5人及以上', '颜色分类': 'JYL-Y29+联保维修发票 研磨杯'}"
167,joyoung/九阳, JYL-Y15,"{'产品功能': '榨汁 切菜 绞肉 碎冰 干磨 搅拌 和面 打蛋 制奶昔 混合 绞肉 切丝 切片', '适用人数': '4-5人', '颜色分类': 'JYL-Y15【原装带条码】 JYL-Y15【原装带条码】+干磨杯'}"
168,joyoung/九阳, JYL-Y16,"{'产品功能': '榨汁 绞肉 碎冰 干磨 搅拌 制奶昔 混合 绞肉', '适用人数': '5人及以上', '颜色分类': '专柜正品Y16双杯加热 专柜正品Y15单杯加热 Y16+干磨杯 Y15+干磨杯'}"
169,joyoung/九阳, JYL-Y20,"{'产品功能': '榨汁 绞肉 碎冰 搅拌 制奶昔 混合', '适用人数': '5人及以上', '颜色分类': '搅拌机'}"
170,joyoung/九阳, JYL-Y3,"{'产品功能': '酱汁、冰沙、浓汤、坚果、豆浆\xa0榨汁\xa0干磨\xa0搅拌\xa0制奶昔\xa0绞肉', '适用人数': '5人及以上', '颜色分类': '红色'}"
171,joyoung/九阳, JYL-Y60,"{'产品功能': '榨汁 碎冰 干磨 搅拌 制奶昔 混合 绞肉', '适用人数': '4-5人', '颜色分类': '白色'}"
172,joyoung/九阳, JYL-Y8 PLUS,"{'产品功能': '榨汁 绞肉 碎冰 干磨 搅拌', '适用人数': '4-5人', '颜色分类': '咖啡色'}"
173,joyoung/九阳, JYL-Y910,"{'产品功能': '榨汁\xa0绞肉\xa0碎冰\xa0搅拌\xa0制奶昔\xa0混合', '适用人数': '5人及以上', '颜色分类': '黑色'}"
174,joyoung/九阳, JYL-Y912,"{'产品功能': '榨汁', '适用人数': '5人及以上', '颜色分类': '红色'}"
175,joyoung/九阳, JYL-Y917,"{'产品功能': '榨汁 绞肉 碎冰 搅拌 制奶昔 混合', '适用人数': '5人及以上', '颜色分类': '玫瑰金'}"
176,kaiso/凯索,1500,"{'产品功能': '榨汁 绞肉 碎冰 搅拌 打蛋 制奶昔 绞肉', '适用人数': '4-5人', '颜色分类': '新款多乐奶昔榨汁机 新款多乐奶昔榨汁机4台批发价 新款多乐奶昔榨汁机8台批发价'}"
177,joyoung/九阳, JYL-Y99,"{'产品功能': '绞肉 碎冰 干磨 搅拌 绞肉', '适用人数': '5人及以上', '颜色分类': 'JYL-Y15单杯破壁机 JYL-Y99双杯破壁机'}"
178,joyoung/九阳, JYS-A800,"{'产品功能': '切菜 绞肉 搅拌 打蛋 混合 绞肉', '适用人数': '1-3人', '颜色分类': '【套餐一】单棒+料理杯 【套餐二】单棒+料理杯+打蛋器 凯云料理棒刀头'}"
179,joyoung/九阳, JYS-A950,"{'产品功能': '捣肉  磨肉  宝宝辅食\xa0切菜\xa0绞肉\xa0碎冰\xa0搅拌\xa0打蛋\xa0混合\xa0绞肉', '适用人数': '1-3人', '颜色分类': '白色'}"
180,joyoung/九阳, JYZ-Y20,"{'产品功能': '榨汁\xa0绞肉\xa0碎冰\xa0干磨\xa0搅拌\xa0打蛋\xa0制奶昔\xa0混合\xa0绞肉', '适用人数': '4-5人', '颜色分类': '黑色'}"
181,joyoung/九阳, Y92,"{'产品功能': '榨汁 切菜 绞肉 碎冰 干磨 搅拌 制奶昔 混合 绞肉', '适用人数': '4-5人', '颜色分类': '黑色'}"
182,keabo/凯博,KB-1525AWN,"{'产品功能': '榨汁 绞肉 碎冰 搅拌 打蛋 绞肉', '适用人数': '4-5人', '颜色分类': '蓝色'}"
183,kesun/科顺,BL-806A,"{'产品功能': '榨汁\xa0绞肉\xa0碎冰\xa0干磨\xa0搅拌\xa0制奶昔\xa0混合', '适用人数': '4-5人', '颜色分类': '绿色'}"
184,kingpro,J-1205,"{'产品功能': '浓汤\xa0榨汁\xa0绞肉\xa0碎冰\xa0干磨\xa0搅拌', '适用人数': '4-5人', '颜色分类': '红色'}"
185,kitchenaid,5KHB2569C,"{'产品功能': '绞肉\xa0碎冰\xa0干磨\xa0搅拌\xa0打蛋\xa0混合\xa0绞肉', '适用人数': '4-5人', '颜色分类': '黑色'}"
186,kitchenaid,料理机,"{'产品功能': '绞肉 碎冰 搅拌 绞肉 切丝 切片', '适用人数': '4-5人', '颜色分类': '白色'}"
187,krobell/康贝尔,2166,"{'产品功能': '榨汁 切菜 绞肉 碎冰 干磨 搅拌 和面 打蛋 制奶昔 混合 绞肉 切丝 切片', '适用人数': '5人及以上', '颜色分类': '十字刀 一字刀 连接头.软胶 个 转运轮.硬胶 个 绞肉刀.S刀（绞肉杯专用） 大号绞肉刀：切片切丝绞肉杯l用 减速器 密封圈防水胶圈.2个5元 小垫片 5元3个 防水小胶圈5元3个 刀头外圆胶10元3个 十字刀座头.内配件 奶昔杯 果汁杯.高杯 研磨杯.小杯.低杯.短杯 绞肉杯 一字刀+研磨杯 过滤杯 绞肉杯盖 主机座垫胶 5元3个 主机底座防滑垫胶 5元3 一字刀座头.内配件 十字刀+果汁杯 运动杯'}"
188,krobell/康贝尔,2168,"{'产品功能': '榨汁 绞肉 碎冰 干磨 搅拌 打蛋 制奶昔 绞肉', '适用人数': '4-5人', '颜色分类': '玫红色'}"
189,krups,KB255,"{'产品功能': '榨汁\xa0绞肉\xa0碎冰\xa0干磨\xa0搅拌\xa0制奶昔', '适用人数': '5人及以上', '颜色分类': '香槟金'}"
190,krups,KB30380,"{'产品功能': '榨汁\xa0绞肉\xa0干磨\xa0搅拌\xa0和面\xa0制奶昔\xa0绞肉', '适用人数': '1-3人', '颜色分类': '白色'}"
191,krups,KB870B80,"{'产品功能': '膳食理疗 榨汁 切菜 绞肉 碎冰 干磨 搅拌 制奶昔 混合 绞肉', '适用人数': '4-5人', '颜色分类': '白色'}"
192,ladyship/贵夫人,LS-658,"{'产品功能': '萃取，破壁\xa0榨汁\xa0切菜\xa0绞肉\xa0碎冰\xa0干磨\xa0搅拌\xa0混合', '适用人数': '4-5人', '颜色分类': '红色'}"
193,letgoo/力果,LG-SY6B,"{'产品功能': '榨汁 切菜 绞肉 碎冰 干磨 搅拌 和面 打蛋 制奶昔 混合', '适用人数': '5人及以上', '颜色分类': '高配双杯'}"
194,liven/利仁,LL-A,"{'产品功能': '切菜\xa0绞肉\xa0干磨\xa0搅拌\xa0混合\xa0绞肉', '适用人数': '4-5人', '颜色分类': '白色'}"
195,liven/利仁,LLJ-W501,"{'产品功能': '榨汁\xa0切菜\xa0绞肉\xa0碎冰\xa0干磨\xa0搅拌\xa0和面\xa0打蛋\xa0制奶昔\xa0混合\xa0绞肉', '适用人数': '5人及以上', '颜色分类': '黑色'}"
196,long plus,HB-1250,"{'产品功能': '榨汁\xa0切菜\xa0绞肉\xa0碎冰\xa0搅拌\xa0打蛋\xa0制奶昔\xa0混合\xa0绞肉', '适用人数': '4-5人', '颜色分类': '钜华KD-308A'}"
197,lotek/乐泰,HB-103SC,"{'产品功能': '榨汁 切菜 绞肉 碎冰 干磨 搅拌 和面 打蛋 制奶昔 混合 绞肉', '适用人数': '4-5人', '颜色分类': '升级版5件套 升级版5件套+研磨杯'}"
198,midea/美的, MJ-BL10S11,"{'产品功能': '榨汁 绞肉 碎冰 干磨 搅拌 绞肉', '适用人数': '5人及以上', '颜色分类': '咖啡色'}"
199,luby/洛贝,LBL-GH01,"{'产品功能': '糊 汤羹 粥  冰沙  豆浆 辅食\xa0榨汁\xa0搅拌\xa0打蛋\xa0制奶昔\xa0混合', '适用人数': '4-5人', '颜色分类': '咖啡色'}"
200,luby/洛贝,LBL-GH03,"{'产品功能': '糊 豆浆 冰沙  果蔬汁 汤羹\xa0榨汁\xa0碎冰\xa0搅拌\xa0制奶昔\xa0混合', '适用人数': '4-5人', '颜色分类': '玫瑰金'}"
201,maizi kitchen/麦子厨房,BL772,"{'产品功能': '榨汁 绞肉 碎冰 干磨 搅拌 和面 制奶昔 混合 绞肉', '适用人数': '5人及以上', '颜色分类': 'MJ-WBL1008Q MJ-WBL1008Q+不锈钢研磨杯 MJ-BL10S11 MJ-BL10S11+不锈钢研磨杯'}"
202,meichen/美星晨,010 800W 220V～ 50HZ,"{'产品功能': '榨汁 切菜 碎冰 干磨 搅拌 制奶昔 混合', '适用人数': '4-5人', '颜色分类': '小怪兽料理机【现货速发】 小怪兽料理机【顺丰现货速发】 小怪兽原装随身杯（含杯盖） 小怪兽料理机+多送一个杯子 料理机【团购500个起】'}"
203,midea/美的, MJ-Power701,"{'产品功能': '绞肉 碎冰 干磨 搅拌 制奶昔 混合 绞肉', '适用人数': '4-5人', '颜色分类': 'Power701【顺丰】【双杯】 Power702【顺丰】【双杯】 Power703【顺丰】【双杯】 注意！请配合破壁机拍下 WBL1021S【顺丰】【单杯】 WBL1022S【顺丰】【单杯】'}"
204,mekka/麦嘉,MJ2050,"{'产品功能': '榨汁 切菜 绞肉 碎冰 搅拌 打蛋 制奶昔 混合 绞肉', '适用人数': '5人及以上', '颜色分类': '升级款破壁搅拌机【不细腻包退】'}"
205,midea/美的, MJ-WBL1008Q,"{'产品功能': '豆浆 婴儿糊、果蔬、绵粥、 浓汤、加热、电动 清洗', '适用人数': '4-5人', '颜色分类': 'MJ-WBL1008Q MJ-WBL1008Q+不锈钢研磨杯 MJ-BL10S11 MJ-BL10S11+不锈钢研磨杯'}"
206,mekka/麦嘉,MJ2240,"{'产品功能': '榨汁 绞肉 碎冰 搅拌 打蛋 制奶昔 混合 绞肉 切丝 切片', '适用人数': '5人及以上', '颜色分类': '红色'}"
207,midea/美的, BL25B26,"{'产品功能': '榨汁 绞肉 干磨 搅拌 制奶昔 混合 绞肉', '适用人数': '4-5人', '颜色分类': 'BL25B36【普通快递】三杯 BL25B26【普通快递】双杯 WBL2531H【普通快递】三杯'}"
208,midea/美的, MJ-BL1206A,"{'产品功能': '婴儿糊、玉米汁、罗宋汤、芝麻糊、冰沙、浓豆浆、杂粮粥\xa0榨汁', '适用人数': '4-5人', '颜色分类': '灰色'}"
209,midea/美的, MJ-BL12K31,"{'产品功能': '婴儿糊、玉米汁、罗宋汤、杂粮粥、绿豆沙、浓汤、瘦肉粥\xa0榨汁\xa0制奶昔', '适用人数': '4-5人', '颜色分类': 'BL12K31 BL12K31加精磨杯'}"
210,midea/美的, MJ-BL25B12,"{'产品功能': '榨汁 绞肉 碎冰 干磨 搅拌 制奶昔 绞肉', '适用人数': '1-3人', '颜色分类': 'BL25B12【顺丰速运】 BL25B12【普通快递】'}"
211,midea/美的, MJ-BL25B2,"{'产品功能': '榨汁\xa0绞肉\xa0干磨\xa0搅拌\xa0制奶昔\xa0混合\xa0绞肉', '适用人数': '4-5人', '颜色分类': '蓝色'}"
212,midea/美的, MJ-BL80Y21,"{'产品功能': '果蔬,五谷,研磨,冰沙,营养破壁,点动清洗 榨汁 绞肉 碎冰 干磨 搅拌 制奶昔 混合 绞肉', '适用人数': '5人及以上', '颜色分类': 'BL80Y21+普快 BL80Y21+顺丰'}"
213,midea/美的, MJ-LZ15Easy209,"{'产品功能': '榨汁\xa0切菜\xa0碎冰\xa0搅拌', '适用人数': '4-5人', '颜色分类': '白色'}"
214,midea/美的, MJ-PB80Easy210,"{'产品功能': '榨汁 干磨 搅拌 混合 绞肉 切丝 切片', '适用人数': '4-5人', '颜色分类': 'MJ-PB80Easy210+普快 MJ-PB80Easy210+顺丰 MJ-PB80Easy210 加不锈钢杯+普快 MJ-PB80Easy210 加不锈钢杯+顺丰'}"
215,midea/美的, MJ-WBL8005P,"{'产品功能': '米糊,粥,豆浆,汤羹,果蔬汁 榨汁 搅拌 混合', '适用人数': '5人及以上', '颜色分类': 'WBL8005P【裸机单杯】+普通快递 WBL8005P【裸机单杯】+顺丰快递 WBL8005P【加购不锈钢杯】+普快 WBL8005P【加购不锈钢杯】+顺丰 BL80Y21【不带加热】+普快 BL80Y21【不带加热】+顺丰'}"
216,midea/美的, MJ-WBL2501A,"{'产品功能': '榨汁\xa0搅拌\xa0打蛋\xa0制奶昔', '适用人数': '1-3人', '颜色分类': '灰色'}"
217,midea/美的, MJ-WBL2501B,"{'产品功能': '豆浆,婴儿辅食,DIY面膜,奶昔,料理\xa0榨汁\xa0碎冰\xa0搅拌', '适用人数': '1-3人', '颜色分类': 'WBL2501B WBL25B36'}"
218,midea/美的, MJ-WBL2501C,"{'产品功能': '水果奶昔、豆浆、果汁、辅食、绞肉、磨粉', '适用人数': '1-3人', '颜色分类': '黑色'}"
219,midea/美的, PB80Easy210,"{'产品功能': '榨汁\xa0切菜\xa0搅拌\xa0打蛋\xa0混合\xa0绞肉\xa0切丝 切片', '适用人数': '4-5人', '颜色分类': '黑色'}"
220,midea/美的, MJ-WBL2521H,"{'产品功能': '榨汁\xa0切菜\xa0绞肉\xa0干磨\xa0搅拌\xa0制奶昔\xa0混合\xa0绞肉', '适用人数': '1-3人', '颜色分类': '红色'}"
221,midea/美的, WBL1022S,"{'产品功能': '绞肉 碎冰 搅拌 制奶昔 混合', '适用人数': '4-5人', '颜色分类': 'WBL1021S【顺丰】 WBL1022S【顺丰】 WBL1022S【送研磨杯】'}"
222,midea/美的, MJ-WBL2531H,"{'产品功能': '榨汁 绞肉 碎冰 干磨 搅拌 制奶昔 混合 绞肉', '适用人数': '5人及以上', '颜色分类': '蓝色'}"
223,midea/美的, WBL2531H,"{'产品功能': '水果奶昔、豆浆、果汁、辅食、绞肉、磨粉', '适用人数': '2-3人', '颜色分类': 'WBL2531H【普通快递】 WBL2531H【顺丰速运】'}"
224,midea/美的, WBL25B36,"{'产品功能': '果汁、绞肉、辅食、磨粉、奶昔、豆浆、棒冰、冰沙', '适用人数': '2-3人', '颜色分类': '蓝色'}"
225,midea/美的, 美的破壁机,"{'产品功能': '榨汁 绞肉 碎冰 干磨 搅拌 制奶昔 混合 绞肉', '适用人数': '5人及以上', '颜色分类': '红色'}"
226,milate/美莱特,MS-1,"{'产品功能': '搅拌 制奶昔 混合', '适用人数': '1-3人', '颜色分类': '开发票MQ300 开发票MQ325'}"
227,minimei,MM-201,"{'产品功能': '榨汁 碎冰 干磨 搅拌 制奶昔 混合', '适用人数': '1-3人', '颜色分类': '绿色'}"
228,murenking/牧人王,H19,"{'产品功能': '榨汁\xa0切菜\xa0绞肉\xa0碎冰\xa0搅拌\xa0打蛋\xa0制奶昔\xa0绞肉', '适用人数': '5人及以上', '颜色分类': '红色'}"
229,nathome/北欧欧慕,NJB103SA,"{'产品功能': '榨汁 碎冰 搅拌 制奶昔', '适用人数': '1-3人', '颜色分类': '冰湖蓝\xa0天使白'}"
230,panasonic/松下, MK-GB1,"{'产品功能': '搅拌\xa0和面\xa0打蛋\xa0制奶昔', '适用人数': '1-3人', '颜色分类': '白色'}"
231,panasonic/松下, MK-GH1,"{'产品功能': '搅拌\xa0和面\xa0打蛋\xa0制奶昔\xa0混合', '适用人数': '4-5人', '颜色分类': '保修卡'}"
232,panasonic/松下, MX-GS1,"{'产品功能': '搅拌', '适用人数': '3-4人', '颜色分类': '白色'}"
233,panasonic/松下, MX-S401,"{'产品功能': '绞肉\xa0干磨\xa0搅拌\xa0打蛋\xa0制奶昔\xa0混合\xa0绞肉', '适用人数': '1-3人', '颜色分类': '银色'}"
234,panasonic/松下, MX-GX1061,"{'产品功能': '干磨\xa0搅拌', '适用人数': '3-4人', '颜色分类': '白色'}"
235,panasonic/松下, MX-PSC101G1,"{'产品功能': '果泥\xa0碎冰\xa0干磨\xa0搅拌\xa0制奶昔\xa0混合', '适用人数': '4-5人', '颜色分类': '白色'}"
236,panasonic/松下, MX-SS40,"{'产品功能': '婴儿辅食\xa0榨汁\xa0绞肉\xa0搅拌\xa0打蛋\xa0制奶昔\xa0绞肉\xa0切丝 切片', '适用人数': '5人及以上', '颜色分类': 'MX-SS40+保修卡 MX-SS40+发票'}"
237,panasonic/松下, MX-XC501,"{'产品功能': '切菜\xa0搅拌\xa0打蛋\xa0制奶昔', '适用人数': '1-3人', '颜色分类': '香槟金'}"
238,panasonic/松下, MX-XC701,"{'产品功能': '榨汁 切菜 绞肉 碎冰 干磨 搅拌 和面 打蛋 制奶昔 混合 绞肉', '适用人数': '4-5人', '颜色分类': '咖啡色'}"
239,panasonic/松下, MX-ZX1800,"{'产品功能': '榨汁\xa0绞肉\xa0碎冰\xa0搅拌\xa0制奶昔\xa0混合', '适用人数': '4-5人', '颜色分类': '黑色'}"
240,panasonic/松下, mx-ss1,"{'产品功能': '榨汁\xa0搅拌\xa0打蛋\xa0制奶昔\xa0绞肉', '适用人数': '3-4人', '颜色分类': '黑色'}"
241,peskoe/半球,HB-J103,"{'产品功能': '榨汁 绞肉 碎冰 干磨 搅拌 制奶昔 绞肉', '适用人数': '4-5人', '颜色分类': '白色 绿色 橙色'}"
242,peskoe/半球,HB-K805,"{'产品功能': '榨汁\xa0绞肉\xa0碎冰\xa0干磨\xa0搅拌\xa0制奶昔', '适用人数': '4-5人', '颜色分类': '红色'}"
243,peskoe/半球,HB-K808,"{'产品功能': '榨汁\xa0绞肉\xa0碎冰\xa0干磨\xa0搅拌\xa0制奶昔\xa0混合', '适用人数': '4-5人', '颜色分类': '金色'}"
244,philips/飞利浦, HR1604,"{'产品功能': '搅拌\xa0制奶昔\xa0混合', '适用人数': '1-3人', '颜色分类': '白色'}"
245,philips/飞利浦, HR1609,"{'产品功能': '绞肉\xa0搅拌', '适用人数': '1-3人', '颜色分类': '白色'}"
246,philips/飞利浦, HR1626,"{'产品功能': '搅拌\xa0打蛋\xa0制奶昔\xa0混合', '适用人数': '1-3人', '颜色分类': '白色'}"
247,philips/飞利浦, HR1608/03,"{'产品功能': '榨汁 切菜 绞肉 搅拌 打蛋 制奶昔 绞肉', '适用人数': '1-3人', '颜色分类': '红色'}"
248,recolte/丽克特,RCP-2,"{'产品功能': '切菜\xa0绞肉\xa0碎冰\xa0搅拌\xa0制奶昔\xa0混合\xa0绞肉', '适用人数': '1-3人', '颜色分类': '粉色'}"
249,philips/飞利浦, HR2056,"{'产品功能': '榨汁\xa0碎冰\xa0搅拌\xa0制奶昔', '适用人数': '1-3人', '颜色分类': '白色'}"
250,philips/飞利浦, HR2062,"{'产品功能': '榨汁 绞肉 碎冰 干磨 搅拌 制奶昔 混合 绞肉', '适用人数': '1-3人', '颜色分类': '粉色'}"
251,smeg,SMF 01,"{'产品功能': '搅拌\xa0和面\xa0打蛋\xa0混合', '适用人数': '5人及以上', '颜色分类': '红色'}"
252,philips/飞利浦, HR2100,"{'产品功能': '榨汁\xa0碎冰\xa0搅拌\xa0打蛋\xa0制奶昔\xa0混合\xa0绞肉', '适用人数': '4-5人', '颜色分类': 'HR2100黄色+销售票 HR2100黄色+机打发票'}"
253,robot-coupe/罗伯特.库伯,MICROMIX,"{'产品功能': '榨汁 绞肉 搅拌 制奶昔 混合', '适用人数': '1-3人', '颜色分类': '专柜YZ01+保修单'}"
254,philips/飞利浦, HR2100/40,"{'产品功能': '榨汁 碎冰 搅拌 制奶昔 混合 绞肉', '适用人数': '4-5人', '颜色分类': '红色'}"
255,philips/飞利浦, HR2166,"{'产品功能': '研磨\xa0搅拌', '适用人数': '4-5人', '颜色分类': '白色'}"
256,philips/飞利浦, HR3653,"{'产品功能': '绞肉 碎冰 干磨 搅拌 制奶昔', '适用人数': '1-3人', '颜色分类': 'HR3653+机打票据 HR3653+正规发票'}"
257,rosenstein&sohne,NC2406,"{'产品功能': '榨汁\xa0绞肉\xa0干磨\xa0搅拌', '适用人数': '4-5人', '颜色分类': '黑色'}"
258,philips/飞利浦, hr2101,"{'产品功能': '搅拌', '适用人数': '1-3人', '颜色分类': '紫色'}"
259,philips/飞利浦, hr2872,"{'产品功能': '搅拌', '适用人数': '1-3人', '颜色分类': '红色'}"
260,philips/飞利浦, hr2874,"{'产品功能': '绞肉\xa0搅拌\xa0制奶昔\xa0混合', '适用人数': '其他/orther', '颜色分类': '白色'}"
261,ranbem/瑞本,767S,"{'产品功能': '榨汁 切菜 绞肉 碎冰 干磨 搅拌 和面 打蛋 制奶昔 混合 绞肉 切丝 切片', '适用人数': '1-6人', '颜色分类': '红色'}"
262,ranbem/瑞本,768B,"{'产品功能': '蔬果 苹果 坚果 冰沙 豆浆 煲水 香粥 米糊 西汤 中汤 榨汁 绞肉 碎冰 干磨 搅拌 制奶昔 混合 绞肉', '适用人数': '5人及以上', '颜色分类': '白色'}"
263,ranbem/瑞本,775,"{'产品功能': '豆浆、辅食、米糊 榨汁 绞肉 碎冰 干磨 搅拌 制奶昔 混合 绞肉', '适用人数': '4-5人', '颜色分类': '红色'}"
264,ranbem/瑞本,RBM-728,"{'产品功能': '榨汁 切菜 碎冰 制奶昔 混合', '适用人数': '4-5人', '颜色分类': '红色'}"
265,ranbem/瑞本,RBM-768B,"{'产品功能': '榨汁', '适用人数': '5人及以上', '颜色分类': '蔚蓝\xa0嫣红\xa0橙黄'}"
266,ranbem/瑞本,RBM-775,"{'产品功能': '榨汁 绞肉 碎冰 干磨 搅拌 制奶昔 混合 绞肉', '适用人数': '4-5人', '颜色分类': '香槟金'}"
267,royalstar/荣事达, RS-JR20E,"{'产品功能': '绞肉\xa0碎冰\xa0搅拌\xa0绞肉', '适用人数': '4-5人', '颜色分类': '红色'}"
268,royalstar/荣事达, RZ-1018C1,"{'产品功能': '榨汁\xa0切菜\xa0绞肉\xa0碎冰\xa0干磨\xa0搅拌\xa0打蛋\xa0制奶昔\xa0混合\xa0绞肉', '适用人数': '4-5人', '颜色分类': '蓝色'}"
269,royalstar/荣事达, RZ-8001,"{'产品功能': '榨汁\xa0绞肉\xa0碎冰\xa0干磨\xa0搅拌\xa0和面\xa0打蛋\xa0制奶昔\xa0绞肉', '适用人数': '4-5人', '颜色分类': '不锈钢四件套（型号8001） 五件套含研磨杯（型号8012）'}"
270,severin,SM3710,"{'产品功能': '榨汁\xa0碎冰', '适用人数': '5人及以上', '颜色分类': 'BL80Y21+普快 BL80Y21+顺丰'}"
271,royalstar/荣事达, RZ-283,"{'产品功能': '点动,冰沙,五谷,研磨,果蔬\xa0榨汁\xa0碎冰\xa0干磨', '适用人数': '2-5人', '颜色分类': '红色'}"
272,royalstar/荣事达, RZ-378H,"{'产品功能': '榨汁\xa0绞肉\xa0干磨\xa0搅拌\xa0打蛋\xa0绞肉', '适用人数': '1-3人', '颜色分类': '绿色'}"
273,royalstar/荣事达, RZ-505,"{'产品功能': '榨汁\xa0绞肉\xa0干磨\xa0搅拌\xa0打蛋\xa0绞肉', '适用人数': '4-5人', '颜色分类': '黑色'}"
274,royalstar/荣事达, RZ-708H,"{'产品功能': '榨汁\xa0绞肉\xa0碎冰\xa0干磨\xa0搅拌\xa0制奶昔\xa0混合', '适用人数': '1-3人', '颜色分类': '红色'}"
275,royalstar/荣事达, RZ-8012,"{'产品功能': '榨汁\xa0绞肉\xa0碎冰\xa0干磨\xa0搅拌\xa0打蛋\xa0制奶昔\xa0绞肉', '适用人数': '4-5人', '颜色分类': '黑色'}"
276,savtm/狮威特,BR11A,"{'产品功能': '五谷豆浆 榨汁 绞肉 碎冰 干磨 搅拌 制奶昔 混合 绞肉', '适用人数': '4-5人', '颜色分类': '银色'}"
277,severin,SM3739,"{'产品功能': '榨汁\xa0搅拌\xa0打蛋\xa0制奶昔', '适用人数': '1-3人', '颜色分类': '黑色'}"
278,shield king/盾皇,DK-777,"{'产品功能': '榨汁\xa0绞肉\xa0碎冰\xa0干磨\xa0搅拌\xa0打蛋\xa0制奶昔\xa0混合\xa0绞肉', '适用人数': '5人及以上', '颜色分类': '白色'}"
279,skg,1260C,"{'产品功能': '榨汁\xa0切菜\xa0绞肉\xa0干磨\xa0搅拌\xa0打蛋\xa0制奶昔\xa0绞肉', '适用人数': '1-3人', '颜色分类': '白色'}"
280,skg,1290,"{'产品功能': '榨汁\xa0碎冰\xa0干磨\xa0搅拌\xa0混合\xa0绞肉', '适用人数': '4-5人', '颜色分类': '黑色'}"
281,stelang/雪特朗,ST-301A,"{'产品功能': '榨汁\xa0碎冰\xa0搅拌\xa0打蛋\xa0制奶昔\xa0混合\xa0绞肉', '适用人数': '4-5人', '颜色分类': '红色'}"
282,supor/苏泊尔,BV501-300,"{'产品功能': '榨汁\xa0搅拌\xa0制奶昔', '适用人数': '1-3人', '颜色分类': '白色'}"
283,supor/苏泊尔,JP06D-1300,"{'产品功能': '榨汁\xa0绞肉\xa0碎冰\xa0搅拌\xa0制奶昔', '适用人数': '1-3人', '颜色分类': '黑色'}"
284,supor/苏泊尔,JG32D-300,"{'产品功能': '干磨\xa0搅拌\xa0混合\xa0绞肉', '适用人数': '1-3人', '颜色分类': '红色'}"
285,supor/苏泊尔,JP08P,"{'产品功能': '破壁\xa0榨汁\xa0绞肉\xa0碎冰\xa0干磨\xa0搅拌\xa0混合\xa0绞肉', '适用人数': '4-5人', '颜色分类': '黑色'}"
286,supor/苏泊尔,JM10-150,"{'产品功能': '干磨 混合', '适用人数': '1-6人', '颜色分类': 'BL25B31【普通快递】169 BL25B31【顺丰速运】179'}"
287,supor/苏泊尔,JP05D-1300,"{'产品功能': '搅拌', '适用人数': '4-5人', '颜色分类': '黑色'}"
288,supor/苏泊尔,JP08P-1300,"{'产品功能': '破壁 榨汁 绞肉 碎冰 干磨 搅拌 混合 绞肉', '适用人数': '4-5人', '颜色分类': '红色'}"
289,supor/苏泊尔,JP12D-800,"{'产品功能': '酱汁、冰沙、浓汤、坚果、豆浆\xa0榨汁\xa0干磨\xa0搅拌\xa0制奶昔\xa0绞肉', '适用人数': '4-5人', '颜色分类': '香槟金'}"
290,supor/苏泊尔,JP13D-800,"{'产品功能': '搅拌', '适用人数': '4-5人', '颜色分类': '白色'}"
291,supor/苏泊尔,JP23D-1100,"{'产品功能': '榨汁 绞肉 碎冰 干磨 搅拌', '适用人数': '4-5人', '颜色分类': '银色'}"
292,supor/苏泊尔,JP37V-1300,"{'产品功能': '破壁 榨汁 绞肉 碎冰 干磨 搅拌 混合 绞肉', '适用人数': '4-5人', '颜色分类': '银色'}"
293,supor/苏泊尔,JS36D-300,"{'产品功能': '榨汁\xa0绞肉\xa0碎冰\xa0干磨\xa0搅拌\xa0制奶昔\xa0混合\xa0切菜', '适用人数': '4-5人', '颜色分类': '红色'}"
294,supor/苏泊尔,JS39D-250,"{'产品功能': '果酱\xa0榨汁\xa0绞肉\xa0干磨\xa0搅拌\xa0制奶昔\xa0绞肉', '适用人数': '3-5人', '颜色分类': '粉色'}"
295,supor/苏泊尔,SJ609B-300,"{'产品功能': '切菜\xa0绞肉\xa0搅拌\xa0打蛋\xa0混合', '适用人数': '1-3人', '颜色分类': '红色'}"
296,supor/苏泊尔,TJE08A-250,"{'产品功能': '榨汁 碎冰 搅拌 制奶昔 混合', '适用人数': '1-3人', '颜色分类': '红色'}"
297,teables/泰博斯,SY-1,"{'产品功能': '榨汁\xa0切菜\xa0绞肉\xa0碎冰\xa0干磨\xa0搅拌\xa0制奶昔\xa0混合\xa0绞肉', '适用人数': '1-3人', '颜色分类': '蓝色'}"
298,tescom,TMV1500,"{'产品功能': '真空料榨\xa0榨汁\xa0搅拌\xa0制奶昔\xa0混合', '适用人数': '5人及以上', '颜色分类': '白色'}"
299,wik/伟嘉,电动迷你搅拌机,"{'产品功能': '搅拌 制奶昔 混合', '适用人数': '4-5人', '颜色分类': '银色'}"
300,tescom,TMV1550,"{'产品功能': '真空保存\xa0榨汁\xa0搅拌\xa0制奶昔\xa0混合', '适用人数': '1-5人', '颜色分类': '玫瑰金'}"
301,topkitch,MS-1,"{'产品功能': '搅拌 制奶昔 混合', '适用人数': '1-3人', '颜色分类': 'MS-1单头奶昔机 MS-2双头奶昔机'}"
302,toplife/好生活,TL-7233DP,"{'产品功能': '榨汁\xa0绞肉\xa0碎冰\xa0干磨\xa0搅拌\xa0混合', '适用人数': '4-5人', '颜色分类': '红色'}"
303,toplife/好生活,TL-783B,"{'产品功能': '加热\xa0榨汁\xa0绞肉\xa0碎冰\xa0干磨\xa0搅拌\xa0制奶昔\xa0混合\xa0绞肉', '适用人数': '4-5人', '颜色分类': '紫色'}"
304,ukoeo,PR6,"{'产品功能': '榨汁\xa0碎冰\xa0干磨\xa0搅拌\xa0制奶昔\xa0绞肉', '适用人数': '4-5人', '颜色分类': '红色'}"
305,ukoeo,PR9,"{'产品功能': '豆浆\xa0榨汁\xa0碎冰\xa0搅拌\xa0制奶昔\xa0绞肉', '适用人数': '4-5人', '颜色分类': '粉色'}"
306,viomi/云米,YM-BH01,"{'产品功能': '榨汁\xa0切菜\xa0绞肉\xa0碎冰\xa0干磨\xa0搅拌\xa0和面\xa0打蛋\xa0制奶昔\xa0混合\xa0绞肉\xa0切丝 切片', '适用人数': '5人及以上', '颜色分类': '黑色'}"
307,westinghouse/西屋,A1,"{'产品功能': '榨汁\xa0绞肉\xa0碎冰\xa0干磨\xa0搅拌\xa0制奶昔\xa0混合', '适用人数': '4-5人', '颜色分类': '红色'}"
308,whirlpool/惠而浦,WBL-MS302D,"{'产品功能': '榨汁\xa0切菜\xa0碎冰\xa0搅拌\xa0制奶昔\xa0混合', '适用人数': '1-3人', '颜色分类': '红色'}"
309,wmf,KULT X,"{'产品功能': '果酱\xa0榨汁\xa0碎冰\xa0搅拌\xa0制奶昔\xa0混合', '适用人数': '1-3人', '颜色分类': '单独1个杯子0.6L 料理机1套(配1个杯子） 单独1个不锈钢保温杯 单独1个杯子0.3L'}"
310,信言,AMT2516,"{'产品功能': '榨汁 绞肉 碎冰 干磨 搅拌 打蛋 制奶昔 混合 绞肉', '适用人数': '4-5人', '颜色分类': '红色'}"
311,凯云,1251-3,"{'产品功能': '榨汁 切菜 绞肉 碎冰 干磨 搅拌 和面 打蛋 制奶昔 混合 绞肉 切丝 切片', '适用人数': '5人及以上', '颜色分类': '红色'}"
312,凯云,KY- 602,"{'产品功能': '榨汁 绞肉 碎冰 干磨 搅拌 打蛋 制奶昔 混合 绞肉', '适用人数': '5人及以上', '颜色分类': '【套餐一】单棒+料理杯 【套餐二】单棒+料理杯+打蛋器 凯云料理棒刀头'}"
313,凯云,KY-3,"{'产品功能': '榨汁 切菜 绞肉 碎冰 干磨 搅拌 和面 打蛋 制奶昔 混合 绞肉 切丝 切片', '适用人数': '5人及以上', '颜色分类': '红色'}"
314,凯福赛,207,"{'产品功能': '榨汁 切菜 绞肉 碎冰 干磨 搅拌 和面 打蛋 制奶昔 混合 绞肉 切丝 切片', '适用人数': '4-5人', '颜色分类': '红色'}"
315,凯云,KY-601,"{'产品功能': '榨汁 切菜 绞肉 碎冰 干磨 搅拌 打蛋 制奶昔 混合 绞肉 切丝 切片', '适用人数': '5人及以上', '颜色分类': '银色'}"
316,凯云,LM-FS501,"{'产品功能': '榨汁 切菜 绞肉 碎冰 干磨 制奶昔 混合', '适用人数': '5人及以上', '颜色分类': '红色'}"
317,奥诺斯,AMS-998,"{'产品功能': '榨汁 切菜 绞肉 碎冰 干磨 搅拌 打蛋 制奶昔 绞肉', '适用人数': '5人及以上', '颜色分类': '2.5L(2000W) 4L(2300W) 5L(2600W)'}"
318,合慧,H1,"{'产品功能': '榨汁\xa0绞肉\xa0碎冰\xa0干磨\xa0搅拌', '适用人数': '4-5人', '颜色分类': '绿色'}"
319,合慧,H3,"{'产品功能': '榨汁 绞肉 碎冰 干磨 搅拌 制奶昔 混合 绞肉', '适用人数': '4-5人', '颜色分类': '红色'}"
320,合慧,HH201,"{'产品功能': '榨汁\xa0切菜\xa0绞肉\xa0碎冰\xa0干磨\xa0搅拌\xa0和面\xa0打蛋\xa0制奶昔\xa0混合\xa0绞肉\xa0切丝 切片', '适用人数': '4-5人', '颜色分类': '红色'}"
321,喜贡,HL-1878,"{'产品功能': '榨汁 切菜 绞肉 碎冰 干磨 搅拌 和面 打蛋 制奶昔 混合 绞肉', '适用人数': '4-5人', '颜色分类': '红色'}"
322,嘉和,MB-1001,"{'产品功能': '榨汁 绞肉 碎冰 干磨 搅拌 绞肉', '适用人数': '1-3人', '颜色分类': '白色'}"
323,奥诺斯,ANS-F900,"{'产品功能': '榨汁 绞肉 碎冰 干磨 搅拌 制奶昔 混合 绞肉', '适用人数': '4-5人', '颜色分类': '红色'}"
324,小太阳,CS-767-5D,"{'产品功能': '豆浆果汁\xa0榨汁\xa0切菜\xa0绞肉\xa0碎冰\xa0干磨\xa0搅拌\xa0和面\xa0打蛋\xa0制奶昔\xa0混合\xa0绞肉', '适用人数': '4-5人', '颜色分类': '蓝色'}"
325,小太阳,TM-3S,"{'产品功能': '豆浆\xa0榨汁\xa0切菜\xa0绞肉\xa0碎冰\xa0干磨\xa0搅拌\xa0制奶昔\xa0混合\xa0绞肉', '适用人数': '4-5人', '颜色分类': '红色'}"
326,小太阳,TM-803T,"{'产品功能': '豆浆、果汁、浓汤\xa0榨汁\xa0碎冰\xa0干磨\xa0搅拌\xa0和面\xa0打蛋\xa0制奶昔\xa0混合', '适用人数': '4-5人', '颜色分类': '白色'}"
327,山雄,XZ-PB6818,"{'产品功能': '浓汤米糊\xa0榨汁\xa0绞肉\xa0碎冰\xa0干磨\xa0搅拌\xa0打蛋\xa0制奶昔\xa0混合\xa0绞肉', '适用人数': '1-3人', '颜色分类': '香槟金'}"
328,慧浦,CB-502,"{'产品功能': '榨汁 切菜 绞肉 碎冰 干磨 搅拌 制奶昔 混合', '适用人数': '1-3人', '颜色分类': '红色'}"
329,慧浦,HP-010,"{'产品功能': '榨汁 切菜 绞肉 碎冰 干磨 搅拌 打蛋 制奶昔 混合 绞肉', '适用人数': '4-5人', '颜色分类': '红色'}"
330,慧浦,YS-001,"{'产品功能': '榨汁 绞肉 碎冰 干磨 搅拌 制奶昔 混合', '适用人数': '5人及以上', '颜色分类': '红色'}"
331,扬子,MB-1201J2,"{'产品功能': '榨汁 绞肉 碎冰 干磨 搅拌 打蛋 制奶昔 绞肉', '适用人数': '1-3人', '颜色分类': '黑色'}"
332,朋客,SG-350B,"{'产品功能': '榨汁 切菜 绞肉 碎冰 干磨 搅拌 制奶昔 混合 绞肉', '适用人数': '1-3人', '颜色分类': '红色'}"
333,朋客,SG-350C,"{'产品功能': '榨汁\xa0切菜\xa0绞肉\xa0碎冰\xa0干磨\xa0搅拌\xa0打蛋\xa0制奶昔\xa0混合', '适用人数': '1-3人', '颜色分类': '红色'}"
334,朋客,SG-350D,"{'产品功能': '榨汁 切菜 绞肉 碎冰 干磨 搅拌 和面 打蛋 制奶昔 混合 绞肉', '适用人数': '1-3人', '颜色分类': '红色'}"
335,朋客,SG-350F,"{'产品功能': '榨汁 绞肉 碎冰 干磨 搅拌 制奶昔 混合 绞肉', '适用人数': '1-3人', '颜色分类': '红色'}"
336,格明,K-06,"{'产品功能': '榨汁 切菜 绞肉 碎冰 干磨 和面 打蛋 制奶昔 混合 绞肉 切丝 切片', '适用人数': '5人及以上', '颜色分类': '香槟金'}"
337,格明,K28,"{'产品功能': '榨汁 碎冰 干磨 搅拌 制奶昔 混合 绞肉', '适用人数': '4-5人', '颜色分类': '香槟金'}"
338,欧麦斯,P802,"{'产品功能': '榨汁\xa0绞肉\xa0碎冰\xa0搅拌\xa0制奶昔\xa0混合', '适用人数': '4-5人', '颜色分类': '灰色'}"
339,米技,HB3001,"{'产品功能': '榨汁\xa0绞肉\xa0打蛋\xa0制奶昔\xa0绞肉', '适用人数': '4-5人', '颜色分类': '美的正品 假一赔十 全国联保'}"
340,欧麦斯,P806,"{'产品功能': '榨汁 切菜 绞肉 碎冰 干磨 搅拌 和面 打蛋 制奶昔 混合 绞肉 切丝 切片', '适用人数': '4-5人', '颜色分类': '灰色'}"
341,水花,MB-1001,"{'产品功能': '榨汁 绞肉 碎冰 干磨 搅拌 和面 制奶昔 绞肉', '适用人数': '1-3人', '颜色分类': '白色'}"
342,水花,MB-1301K13,"{'产品功能': '榨汁 切菜 绞肉 碎冰 干磨 搅拌 和面 打蛋 制奶昔 混合 绞肉', '适用人数': '5人及以上', '颜色分类': '黑色'}"
343,汉宝,HB-J303,"{'产品功能': '绞肉 干磨 搅拌 制奶昔', '适用人数': '4-5人', '颜色分类': '橙色 绿色'}"
344,沃佳健,HH-1001,"{'产品功能': '榨汁 绞肉 碎冰 干磨 搅拌 制奶昔 绞肉', '适用人数': '1-3人', '颜色分类': '红色'}"
345,盛世旺牛,B6,"{'产品功能': '搅拌', '适用人数': '4-5人', '颜色分类': '明黄色'}"
346,盛世旺牛,HB-J801,"{'产品功能': '榨汁\xa0搅拌\xa0打蛋\xa0制奶昔', '适用人数': '4-5人', '颜色分类': '银色'}"
347,盛世旺牛,HB-J808,"{'产品功能': '榨汁\xa0绞肉\xa0碎冰\xa0干磨\xa0搅拌\xa0打蛋\xa0制奶昔\xa0绞肉', '适用人数': '5人及以上', '颜色分类': '黑色'}"
348,福菱,FL-001,"{'产品功能': '榨汁 碎冰 干磨 搅拌 制奶昔 混合', '适用人数': '1-3人', '颜色分类': '咖啡色'}"
349,福菱,FL1308,"{'产品功能': '榨汁 绞肉 碎冰 干磨 搅拌 制奶昔 绞肉', '适用人数': '4-5人', '颜色分类': '咖啡色'}"
350,福菱,FL2655,"{'产品功能': '榨汁 绞肉 碎冰 干磨 搅拌 制奶昔 混合 绞肉', '适用人数': '5人及以上', '颜色分类': '绿色'}"
351,福菱,FL2658,"{'产品功能': '蒸煮 榨汁 绞肉 碎冰 干磨 搅拌 制奶昔 混合', '适用人数': '5人及以上', '颜色分类': '红色'}"
352,绿航,LH-513,"{'产品功能': '榨汁 绞肉 碎冰 干磨 搅拌 制奶昔 混合 绞肉', '适用人数': '4-5人', '颜色分类': '粉色'}"
353,良太,2166,"{'产品功能': '榨汁 切菜 绞肉 碎冰 干磨 搅拌 打蛋 制奶昔 混合 绞肉 切丝 切片', '适用人数': '4-5人', '颜色分类': '黑色'}"
354,蒙达,M-06B,"{'产品功能': '榨汁\xa0切菜\xa0绞肉\xa0碎冰\xa0搅拌\xa0和面\xa0制奶昔\xa0混合\xa0绞肉\xa0切丝 切片', '适用人数': '5人及以上', '颜色分类': '黑色'}"
355,蒙达,M-08,"{'产品功能': '榨汁\xa0切菜\xa0绞肉\xa0碎冰\xa0搅拌\xa0和面\xa0制奶昔\xa0混合\xa0绞肉', '适用人数': '5人及以上', '颜色分类': '黑色'}"
356,金厨喜,QC-888,"{'产品功能': '榨汁 绞肉 碎冰 干磨 搅拌 打蛋 制奶昔 混合 绞肉', '适用人数': '4-5人', '颜色分类': '粉色'}"
357,金正, 818A,"{'产品功能': '榨汁\xa0碎冰\xa0干磨\xa0搅拌\xa0制奶昔\xa0混合', '适用人数': '5人及以上', '颜色分类': '红色'}"
358,金正, D30,"{'产品功能': '搅拌 混合', '适用人数': '1-3人', '颜色分类': '红色'}"
359,金正, JZPB-950,"{'产品功能': '榨汁\xa0碎冰\xa0搅拌\xa0制奶昔\xa0混合', '适用人数': '4-5人', '颜色分类': '红色'}"
360,金正, JZW-2507,"{'产品功能': '榨汁\xa0碎冰\xa0干磨\xa0搅拌\xa0混合\xa0绞肉', '适用人数': '1-3人', '颜色分类': '粉色'}"
361,金正, JZPB-100D02,"{'产品功能': '榨汁\xa0切菜\xa0绞肉\xa0碎冰\xa0干磨\xa0搅拌\xa0和面\xa0打蛋\xa0制奶昔\xa0混合\xa0绞肉', '适用人数': '4-5人', '颜色分类': '紫色'}"
362,金正, JZPB-809A,"{'产品功能': '榨汁\xa0绞肉\xa0干磨\xa0搅拌\xa0制奶昔\xa0混合\xa0绞肉', '适用人数': '5人及以上', '颜色分类': '白色'}"
363,金正, JZPB-810A,"{'产品功能': '榨汁\xa0绞肉\xa0碎冰\xa0干磨\xa0搅拌\xa0制奶昔\xa0混合', '适用人数': '5人及以上', '颜色分类': '玫瑰金'}"
364,金正, JZPB-824B,"{'产品功能': '榨汁\xa0绞肉\xa0碎冰\xa0干磨\xa0搅拌\xa0制奶昔', '适用人数': '5人及以上', '颜色分类': '红'}"
365,金正, JZPB-960,"{'产品功能': '榨汁\xa0绞肉\xa0碎冰\xa0干磨\xa0搅拌\xa0制奶昔\xa0混合', '适用人数': '4-5人', '颜色分类': '玫瑰金'}"
366,金正, JZR-R329,"{'产品功能': '绞肉\xa0搅拌\xa0打蛋\xa0制奶昔\xa0混合\xa0绞肉', '适用人数': '5人及以上', '颜色分类': '粉色'}"
367,金耐欧,180B,"{'产品功能': '榨汁 绞肉 碎冰 干磨 搅拌 打蛋 制奶昔 混合 绞肉', '适用人数': '4-5人', '颜色分类': '红色'}"
368,隆粤,LY-350,"{'产品功能': '榨汁 绞肉 碎冰 干磨 搅拌 制奶昔 绞肉', '适用人数': '4-5人', '颜色分类': '灰色'}"
369,隆粤,LY-389,"{'产品功能': '榨汁 绞肉 碎冰 干磨 搅拌 制奶昔 绞肉', '适用人数': '4-5人', '颜色分类': '玫瑰金'}"
370,韩伟,M350,"{'产品功能': '榨汁\xa0绞肉\xa0碎冰\xa0干磨\xa0搅拌\xa0混合', '适用人数': '4-5人', '颜色分类': '红色'}"
371,高博,BL513,"{'产品功能': '榨汁\xa0切菜\xa0绞肉\xa0碎冰\xa0干磨\xa0搅拌\xa0打蛋\xa0制奶昔\xa0混合\xa0绞肉', '适用人数': '4-5人', '颜色分类': '黑色'}"
372,高博,SM-505,"{'产品功能': '鱼汤，豆浆\xa0榨汁\xa0碎冰\xa0搅拌\xa0打蛋\xa0制奶昔\xa0混合', '适用人数': '5人及以上', '颜色分类': '红色'}"
373,高博,SM-508,"{'产品功能': '豆浆，鱼汤\xa0榨汁\xa0碎冰\xa0干磨\xa0搅拌\xa0混合', '适用人数': '5人及以上', '颜色分类': '红色'}"
374,麦宁,MN2118,"{'产品功能': '榨汁 绞肉 碎冰 干磨 搅拌 混合 绞肉', '适用人数': '4-5人', '颜色分类': '红色'}"
