,brand,model,imageurl
0,meichen/美星晨,010 800W 220V～ 50HZ,http://img.alicdn.com/imgextra/i4/3044766828/TB2UUVzicnI8KJjSsziXXb8QpXa_!!3044766828.jpg
1,wmf,04 1627 0011,http://img.alicdn.com/imgextra/i1/1065550386/TB2K6DPqFXXXXXPXpXXXXXXXXXX_!!1065550386.jpg
2,wmf,04.1635.9911,http://img.alicdn.com/imgextra/i2/1711140667/TB2qp8nfk7mBKNjSZFyXXbydFXa_!!1711140667.jpg
3,wmf,0416250011,http://img.alicdn.com/imgextra/i1/119353492/TB2KlZoc4XlpuFjSsphXXbJOXXa_!!119353492.jpg
4,hyundai/现代,089,http://img.alicdn.com/imgextra/i1/3295794954/TB2IMnhtY1YBuNjSszeXXablFXa_!!3295794954.jpg
5,凯云,1251-3,http://img.alicdn.com/imgextra/i2/2449168968/TB2Bs3kh8TH8KJjy0FiXXcRsXXa_!!2449168968.jpg
6,skg,1260C,http://img.alicdn.com/imgextra/i1/3022252849/TB1bSspngmTBuNjy1XbXXaMrVXa_!!0-item_pic.jpg
7,skg,1290,http://img.alicdn.com/imgextra/i1/370258736/TB21rmXn4SYBuNjSsphXXbGvVXa_!!370258736-0-item_pic.jpg
8,skg,1293,http://img.alicdn.com/imgextra/i2/786621631/TB2AFeHuf9TBuNjy1zbXXXpepXa_!!786621631.jpg
9,kaiso/凯索,1500,http://img.alicdn.com/imgextra/i1/2146937119/TB1cVkqjTdYBeNkSmLyXXXfnVXa_!!0-item_pic.jpg
10,金耐欧,180B,http://img.alicdn.com/imgextra/i1/26218522/TB2U35.dA1M.eBjSZFOXXc0rFXa_!!26218522.jpg
11,凯福赛,207,http://img.alicdn.com/imgextra/i3/1871236471/TB2DlQngIrI8KJjy0FhXXbfnpXa_!!1871236471.jpg
12,家必康,2160,http://img.alicdn.com/imgextra/i3/1871236471/TB2aGyItAyWBuNjy0FpXXassXXa_!!1871236471.jpg
13,krobell/康贝尔,2166,http://img.alicdn.com/imgextra/i1/TB1XHX7KVXXXXXBXVXXXXXXXXXX_!!0-item_pic.jpg
14,良太,2166,http://img.alicdn.com/imgextra/i2/2723631070/TB2I3t0grBkpuFjy1zkXXbSpFXa_!!2723631070.jpg
15,krobell/康贝尔,2168,http://img.alicdn.com/imgextra/i4/1871236471/TB2q8gclMDD8KJjy0FdXXcjvXXa_!!1871236471.jpg
16,hamilton beach/汉美驰,51126-CN,http://img.alicdn.com/imgextra/i2/1687398507/TB2CPCLuv1TBuNjy0FjXXajyXXa_!!1687398507.jpg
17,bosch/博世,54A00,http://img.alicdn.com/imgextra/i3/48333793/TB2vLVIcFXXXXaEXpXXXXXXXXXX-48333793.jpg
18,aca/北美电器,55522,http://img.alicdn.com/imgextra/i4/2146937119/TB1ph41sbSYBuNjSspfXXcZCpXa_!!0-item_pic.jpg
19,hamilton beach/汉美驰,59765-CN,http://img.alicdn.com/imgextra/i1/1687398507/TB2w.ZXihTI8KJjSspiXXbM4FXa_!!1687398507.jpg
20,kitchenaid,5KHB2569C,http://img.alicdn.com/imgextra/i3/2720042221/TB2GTA.dSCI.eBjy1XbXXbUBFXa_!!2720042221.jpg
21,kitchenaid,5KSB1585C,http://img.alicdn.com/imgextra/i1/2720042221/TB2S_M4uh9YBuNjy0FfXXXIsVXa_!!2720042221.jpg
22,kitchenaid,5QT 原装盆,http://img.alicdn.com/imgextra/i3/876965799/TB2iZg.gZuYBuNkSmRyXXcA3pXa_!!876965799.jpg
23,long plus,60,http://img.alicdn.com/imgextra/i2/2815385110/TB2Aqa3iuySBuNjy1zdXXXPxFXa_!!2815385110.jpg
24,krobell/康贝尔,6288,http://img.alicdn.com/imgextra/i4/1871236471/TB2Hse1aOb_F1JjSZFzXXc6KXXa_!!1871236471.jpg
25,hamilton beach/汉美驰,72860-CN,http://img.alicdn.com/imgextra/i3/1687398507/TB2O7CGaVqZBuNjt_jqXXamzpXa_!!1687398507.jpg
26,ranbem/瑞本,767S,http://img.alicdn.com/imgextra/i3/1691479555/TB2T6sJA7qvpuFjSZFhXXaOgXXa_!!1691479555.jpg
27,ranbem/瑞本,768B,http://img.alicdn.com/imgextra/i2/1691479555/TB22T7ic1uSBuNjSsziXXbq8pXa_!!1691479555.jpg
28,ranbem/瑞本,775,http://img.alicdn.com/imgextra/i1/2771635964/TB2VdSqpuOSBuNjy0FdXXbDnVXa_!!2771635964.jpg
29,kaiso/凯索,8800,http://img.alicdn.com/imgextra/i2/TB1V_FzOpXXXXbiapXXXXXXXXXX_!!0-item_pic.jpg
30,westinghouse/西屋,A1,http://img.alicdn.com/imgextra/i2/2781968334/TB2RAwXubSYBuNjSspiXXXNzpXa_!!2781968334.jpg
31,顺然,A760,http://img.alicdn.com/imgextra/i3/3375176497/TB2elPheiAnBKNjSZFvXXaTKXXa_!!3375176497.jpg
32,aca/北美电器,AF-B200,http://img.alicdn.com/imgextra/i3/1720491245/TB2LnGgnb1YBuNjSszhXXcUsFXa_!!1720491245-0-item_pic.jpg
33,aca/北美电器,AF-OR01,http://img.alicdn.com/imgextra/i1/702016902/TB1oZSGuf1TBuNjy0FjXXajyXXa_!!0-item_pic.jpg
34,aca/北美电器,AHM-S300,http://img.alicdn.com/imgextra/i3/1720491245/TB2QoqoppOWBuNjy0FiXXXFxVXa_!!1720491245-0-item_pic.jpg
35,hattiecs/海蒂诗,AJ-5123,http://img.alicdn.com/imgextra/i1/137861347/TB2iPrOsuSSBuNjy0FlXXbBpVXa_!!137861347.jpg
36,奥诺斯,AMS-998,http://img.alicdn.com/imgextra/i4/774900760/TB2ONixfYSYBuNjSspfXXcZCpXa_!!774900760.jpg
37,信言,AMT2516,http://img.alicdn.com/imgextra/i1/2199793176/TB2jL8Ut0RopuFjSZFtXXcanpXa_!!2199793176.jpg
38,奥诺斯,ANS-F900,http://img.alicdn.com/imgextra/i2/2689901711/TB2M9m3c3mTBuNjy1XbXXaMrVXa_!!2689901711.jpg
39,盛世旺牛,B6,http://img.alicdn.com/imgextra/i1/1118566344/TB2ZHtMcLxNTKJjy0FjXXX6yVXa_!!1118566344.jpg
40,隆粤,B717,http://img.alicdn.com/imgextra/i3/2968142127/TB2qgS1abAaBuNjt_igXXb5ApXa_!!2968142127.jpg
41,贝立安,BJH-LL0205,http://img.alicdn.com/imgextra/i2/2496622421/TB1ckPog5CYBuNkSnaVXXcMsVXa_!!0-item_pic.jpg
42,德能,BL-13A,http://img.alicdn.com/imgextra/i3/TB19DCDPXXXXXadapXXXXXXXXXX_!!0-item_pic.jpg
43,ashton/阿诗顿,BL-175,http://img.alicdn.com/imgextra/i3/3071601281/TB2DqAomZjI8KJjSsppXXXbyVXa_!!3071601281.jpg
44,kesun/科顺,BL-806A,http://img.alicdn.com/imgextra/i2/2945041611/TB2vhRNuXXXXXcSXXXXXXXXXXXX_!!2945041611.jpg
45,高博,BL513,http://img.alicdn.com/imgextra/i4/2873393010/TB1aUPhsmtYBeNjSspaXXaOOFXa_!!0-item_pic.jpg
46,maizi kitchen/麦子厨房,BL772,http://img.alicdn.com/imgextra/i2/70107012/TB2duXVX7fb_uJkHFCcXXXagFXa_!!70107012.jpg
47,smeg,BLF01,http://img.alicdn.com/imgextra/i4/2080867528/TB2oHf4tY1YBuNjSszhXXcUsFXa_!!2080867528.jpg
48,savtm/狮威特,BR11A,http://img.alicdn.com/imgextra/i2/2966639728/TB27zGbgx6I8KJjy0FgXXXXzVXa_!!2966639728.jpg
49,barsone/朋森,BS-05L01,http://img.alicdn.com/imgextra/i4/2139274692/TB24qZulLuSBuNkHFqDXXXfhVXa_!!2139274692.jpg
50,fagor/法格,BV-373B,http://img.alicdn.com/imgextra/i3/3392507673/TB2x4eKs29TBuNjy1zbXXXpepXa_!!3392507673.jpg
51,fagor/法格,BV-375KNA,http://img.alicdn.com/imgextra/i4/3392507673/TB2DQNGs9BYBeNjy0FeXXbnmFXa_!!3392507673.jpg
52,supor/苏泊尔,BV501-300,http://img.alicdn.com/imgextra/i4/160586276/TB2SbtrsY1YBuNjSszeXXablFXa_!!160586276-0-item_pic.jpg
53,慧浦,CB-502,http://img.alicdn.com/imgextra/i4/1082385966/TB2ThSpaGmWBuNjy1XaXXXCbXXa_!!1082385966.jpg
54,fronton/弗朗顿,CB-666D,http://img.alicdn.com/imgextra/i3/2808232987/TB2gvzKquuSBuNjSsziXXbq8pXa_!!2808232987.jpg
55,kenwood/建伍,CH580,http://img.alicdn.com/imgextra/i2/183888772/TB2FQbZXhr9F1JjSZPfXXawbFXa_!!183888772.jpg
56,小太阳,CS-767-5D,http://img.alicdn.com/imgextra/i2/1759505279/TB2yFxLrr1YBuNjSszhXXcUsFXa_!!1759505279-0-item_pic.jpg
57,blendtec,DESIGNER 625,http://img.alicdn.com/imgextra/i1/485552487/TB2xrlqub5YBuNjSspoXXbeNFXa_!!485552487.jpg
58,shield king/盾皇,DK-112-D,http://img.alicdn.com/imgextra/i4/2929807433/TB2uGSviMKTBuNkSne1XXaJoXXa_!!2929807433.jpg
59,shield king/盾皇,DK-777,http://img.alicdn.com/imgextra/i4/2929807433/TB27NklouuSBuNjSsplXXbe8pXa_!!2929807433.jpg
60,ashton/阿诗顿,EF-410D,http://img.alicdn.com/imgextra/i1/2378385867/TB2Qcv.kgaTBuNjSszfXXXgfpXa_!!2378385867.jpg
61,lock＆lock/乐扣乐扣,ELHB-220,http://img.alicdn.com/imgextra/i3/3323611912/TB2UPngisuYBuNkSmRyXXcA3pXa_!!3323611912.jpg
62,electrolux/伊莱克斯,EMB3005,http://img.alicdn.com/imgextra/i4/1718453972/TB2M3fRtkSWBuNjSszdXXbeSpXa_!!1718453972-0-item_pic.jpg
63,deass/德氏,FE318F1,http://img.alicdn.com/imgextra/i4/541014343/TB2yLZOd1uSBuNjSsziXXbq8pXa_!!541014343.jpg
64,福菱,FL-001,http://img.alicdn.com/imgextra/i1/2730653392/TB2M5RjubuWBuNjSszgXXb8jVXa_!!2730653392.jpg
65,福菱,FL1308,http://img.alicdn.com/imgextra/i3/2730653392/TB2cwTKgGQoBKNjSZJnXXaw9VXa_!!2730653392.jpg
66,福菱,FL1928,http://img.alicdn.com/imgextra/i4/2730653392/TB2c0pNqqmWBuNjy1XaXXXCbXXa_!!2730653392.jpg
67,福菱,FL2655,http://img.alicdn.com/imgextra/i2/2730653392/TB2Ff68dMmTBuNjy1XbXXaMrVXa_!!2730653392.jpg
68,福菱,FL2658,http://img.alicdn.com/imgextra/i2/2730653392/TB2rSZOaOCYBuNkHFCcXXcHtVXa_!!2730653392.jpg
69,fulaier/福莱尔,FLE-219C,http://img.alicdn.com/imgextra/i4/2234061048/TB2r2axk2uSBuNkHFqDXXXfhVXa_!!2234061048-0-item_pic.jpg
70,fulaier/福莱尔,FLE-219F,http://img.alicdn.com/imgextra/i1/2234061048/TB2wVL9gDqWBKNjSZFAXXanSpXa_!!2234061048.jpg
71,fulaier/福莱尔,FLE518A,http://img.alicdn.com/imgextra/i3/2234061048/TB1HY6Ccx6I8KJjy0FgXXXXzVXa_!!0-item_pic.jpg
72,fornonr/方奈优品,FN-800,http://img.alicdn.com/imgextra/i3/62150572/TB24pgseRnTBKNjSZPfXXbf1XXa_!!62150572.jpg
73,mcdou/麦豆,FSJD2,http://img.alicdn.com/imgextra/i2/2498916710/TB226Jstv5TBuNjSspmXXaDRVXa_!!2498916710.jpg
74,jeff/杰孚,FX-A5,http://img.alicdn.com/imgextra/i4/TB1fOiwLXXXXXaFXXXXXXXXXXXX_!!0-item_pic.jpg
75,bamix,G200 350,http://img.alicdn.com/imgextra/i2/274764304/TB2P39cmS8mpuFjSZFMXXaxpVXa_!!274764304.jpg
76,bamix,G200 G350,http://img.alicdn.com/imgextra/i2/876965799/TB2wUQhsY1YBuNjSszhXXcUsFXa_!!876965799.jpg
77,hurom/惠人,GG-LBF06,http://img.alicdn.com/imgextra/i3/2981338388/TB2yUZmmfiSBuNkSnhJXXbDcpXa_!!2981338388.jpg
78,hurom/惠人,GH-SBF06,http://img.alicdn.com/imgextra/i2/2981338388/TB2_IslgWAoBKNjSZSyXXaHAVXa_!!2981338388.jpg
79,合慧,H1,http://img.alicdn.com/imgextra/i2/2336243300/TB2gPentv1TBuNjy0FjXXajyXXa_!!2336243300.jpg
80,murenking/牧人王,H19,http://img.alicdn.com/imgextra/i3/1114836809/TB2QsJEur1YBuNjSszeXXablFXa_!!1114836809.jpg
81,合慧,H3,http://img.alicdn.com/imgextra/i3/2336243300/TB2V_iGaVqZBuNjt_jqXXamzpXa_!!2336243300.jpg
82,climax/客来美,HA-3093,http://img.alicdn.com/imgextra/i4/923508751/TB1.n5Vlj3z9KJjy0FmXXXiwXXa_!!0-item_pic.jpg
83,lotek/乐泰,HB-103SC,http://img.alicdn.com/imgextra/i2/1691479555/TB25HbDcAfb_uJjSsD4XXaqiFXa_!!1691479555.jpg
84,long plus,HB-1250,http://img.alicdn.com/imgextra/i4/2815385110/TB2WLYhir9YBuNjy0FgXXcxcXXa_!!2815385110.jpg
85,peskoe/半球,HB-J103,http://img.alicdn.com/imgextra/i4/53073000/TB2hEMybhHI8KJjy1zbXXaxdpXa_!!53073000.jpg
86,汉宝,HB-J303,http://img.alicdn.com/imgextra/i3/2201922578/TB2dRP2sQyWBuNjy0FpXXassXXa_!!2201922578.jpg
87,盛世旺牛,HB-J801,http://img.alicdn.com/imgextra/i1/TB1jx.qOpXXXXcnXpXXXXXXXXXX_!!0-item_pic.jpg
88,盛世旺牛,HB-J808,http://img.alicdn.com/imgextra/i1/1118566344/TB26daJcwjN8KJjSZFkXXaboXXa_!!1118566344.jpg
89,peskoe/半球,HB-K805,http://img.alicdn.com/imgextra/i3/1900694845/TB1MhoxsNGYBuNjy0FnXXX5lpXa_!!0-item_pic.jpg
90,peskoe/半球,HB-K808,http://img.alicdn.com/imgextra/i3/1900694845/TB27fRlrpOWBuNjy0FiXXXFxVXa_!!1900694845-0-item_pic.jpg
91,米技,HB3001,http://img.alicdn.com/imgextra/i4/2301972298/TB2i68Pr4SYBuNjSspjXXX73VXa_!!2301972298.jpg
92,haier/海尔,HBB-B0105,http://img.alicdn.com/imgextra/i1/1044027666/TB2V7xrsGmWBuNjy1XaXXXCbXXa_!!1044027666.jpg
93,herpusi,HC-1500,http://img.alicdn.com/imgextra/i1/1889300209/TB2csREXL9TBuNjy1zbXXXpepXa_!!1889300209.jpg
94,herpusi,HC-250C,http://img.alicdn.com/imgextra/i2/1889300209/TB2I1lIXKGSBuNjSspbXXciipXa_!!1889300209.jpg
95,herpusi,HC-302Q,http://img.alicdn.com/imgextra/i3/1889300209/TB23giQtuuSBuNjSsplXXbe8pXa_!!1889300209.jpg
96,herpusi,HD-175A,http://img.alicdn.com/imgextra/i4/47279819/TB2C5gYcxSYBuNjSsphXXbGvVXa_!!47279819.jpg
97,kenwood/建伍,HDP306WH,http://img.alicdn.com/imgextra/i3/2980059761/TB2dPgXt1uSBuNjSsplXXbe8pXa_!!2980059761-0-item_pic.jpg
98,kenwood/建伍,HDP404WH,http://img.alicdn.com/imgextra/i4/1120240545/TB2iFr9tXuWBuNjSspnXXX1NVXa_!!1120240545-0-item_pic.jpg
99,honguo/红果,HG-PB-182D,http://img.alicdn.com/imgextra/i4/1665337278/TB2gmkSrVuWBuNjSszbXXcS7FXa_!!1665337278.jpg
100,honguo/红果,HG-PJ115,http://img.alicdn.com/imgextra/i1/1665337278/TB2Zu5Hi8yWBuNkSmFPXXXguVXa_!!1665337278.jpg
101,hgsuper,HG7701,http://img.alicdn.com/imgextra/i3/694838361/TB20NsNbjnD8KJjSspbXXbbEXXa_!!694838361.jpg
102,hgsuper,HG7702,http://img.alicdn.com/imgextra/i1/694838361/TB255VEafjM8KJjSZFyXXXdzVXa_!!694838361.jpg
103,沃佳健,HH-1001,http://img.alicdn.com/imgextra/i2/259146172/TB2LRjodrglyKJjSZFuXXaE6FXa_!!259146172.jpg
104,合慧,HH201,http://img.alicdn.com/imgextra/i1/2336243300/TB2YprAntfJ8KJjy0FeXXXKEXXa_!!2336243300.jpg
105,喜贡,HL-1878,http://img.alicdn.com/imgextra/i4/2579140052/TB2vCrHpN1YBuNjy1zcXXbNcXXa_!!2579140052.jpg
106,aunt mary/玛莉阿姨,HL-1888,http://img.alicdn.com/imgextra/i2/2938915279/TB2WcJ.ouuSBuNjy1XcXXcYjFXa_!!2938915279.jpg
107,aunt mary/玛莉阿姨,HL-1898,http://img.alicdn.com/imgextra/i2/2938915279/TB26mnlcr1YBuNjSszhXXcUsFXa_!!2938915279.jpg
108,墨氏,HL-A,http://img.alicdn.com/imgextra/i4/1719136946/TB2CBXVob5YBuNjSspoXXbeNFXa_!!1719136946.jpg
109,dark horse/黑马,HM-630,http://img.alicdn.com/imgextra/i4/2257369559/TB2Nmqne2jM8KJjSZFyXXXdzVXa_!!2257369559.jpg
110,home-mill/好磨家,HMJ-1001,http://img.alicdn.com/imgextra/i4/2807437737/TB2SnybbXuWBuNjSszbXXcS7FXa_!!2807437737.jpg
111,慧浦,HP-010,http://img.alicdn.com/imgextra/i3/1082385966/TB27pJemhrI8KJjy0FpXXb5hVXa_!!1082385966.jpg
112,krups,HP503180,http://img.alicdn.com/imgextra/i3/2769969153/TB2Qr.JkRyWBuNkSmFPXXXguVXa_!!2769969153.jpg
113,binglo,HS-302H,http://img.alicdn.com/imgextra/i1/112099094/TB2pvEFphSYBuNjSspjXXX73VXa_!!112099094.jpg
114,westinghouse/西屋,HS0450,http://img.alicdn.com/imgextra/i4/394040956/TB2YboOd4WYBuNjy1zkXXXGGpXa_!!394040956.jpg
115,aux/奥克斯,HX-390,http://img.alicdn.com/imgextra/i2/2047124908/TB2iIGZf26H8KJjSspmXXb2WXXa_!!2047124908.jpg
116,aux/奥克斯,HX-401G,http://img.alicdn.com/imgextra/i3/1046626823/TB1ywaGcpuWBuNjSszbXXcS7FXa_!!0-item_pic.jpg
117,aux/奥克斯,HX-FS01,http://img.alicdn.com/imgextra/i3/732062877/TB2uNO6sYSYBuNjSspfXXcZCpXa_!!732062877-0-item_pic.jpg
118,kingpro,J-1202,http://img.alicdn.com/imgextra/i3/2001306208/TB1uKH.fGAoBKNjSZSyXXaHAVXa_!!0-item_pic.jpg
119,kingpro,J-1205,http://img.alicdn.com/imgextra/i3/2001306208/TB1ccD1t49YBuNjy0FfXXXIsVXa_!!0-item_pic.jpg
120,fronton/弗朗顿,JB-1525AG,http://img.alicdn.com/imgextra/i3/3707995535/TB2HZr1cRjTBKNjSZFwXXcG4XXa_!!3707995535.jpg
121,bear/小熊,JBQ-A05D2,http://img.alicdn.com/imgextra/i1/2212201876/TB2apYmmL9TBuNjy1zbXXXpepXa_!!2212201876-0-item_pic.jpg
122,bear/小熊,JBQ-D05A1,http://img.alicdn.com/imgextra/i2/175592270/TB2X9y7huuSBuNjy1XcXXcYjFXa_!!175592270-0-item_pic.jpg
123,bear/小熊,JBQ-D05D2,http://img.alicdn.com/imgextra/i3/740969168/TB2FkhGmNBmpuFjSZFsXXcXpFXa_!!740969168.jpg
124,bear/小熊,JBQ-D131,http://img.alicdn.com/imgextra/i4/335437311/TB2G2k8nFXXXXXzXpXXXXXXXXXX_!!335437311.jpg
125,bear/小熊,JBQ-D1355,http://img.alicdn.com/imgextra/i4/2223303486/TB2rCNYs29TBuNjy1zbXXXpepXa_!!2223303486-0-item_pic.jpg
126,supor/苏泊尔,JG32D-300,http://img.alicdn.com/imgextra/i4/2851445614/TB14BppcpLM8KJjSZFBXXXJHVXa_!!0-item_pic.jpg
127,kesun/科顺,JLL350-B2,http://img.alicdn.com/imgextra/i3/2945041611/TB25uMUcNxmpuFjSZFNXXXrRXXa_!!2945041611.jpg
128,supor/苏泊尔,JM10-150,http://img.alicdn.com/imgextra/i2/356409596/TB2S8VBm26H8KJjy0FjXXaXepXa_!!356409596.jpg
129,supor/苏泊尔,JP05D-1300,http://img.alicdn.com/imgextra/i2/2820265280/TB2HjTPccbI8KJjy1zdXXbe1VXa_!!2820265280.jpg
130,supor/苏泊尔,JP06D-1300,http://img.alicdn.com/imgextra/i3/3252524081/TB2Ows_huOSBuNjy0FdXXbDnVXa_!!3252524081.jpg
131,supor/苏泊尔,JP08P,http://img.alicdn.com/imgextra/i4/2453844259/TB2QC9cqmBYBeNjy0FeXXbnmFXa_!!2453844259.jpg
132,supor/苏泊尔,JP08P-1300,http://img.alicdn.com/imgextra/i2/3252524081/TB2ykgLppOWBuNjy0FiXXXFxVXa_!!3252524081.jpg
133,supor/苏泊尔,JP10DA-1300,http://img.alicdn.com/imgextra/i3/405125123/TB2ufH.aQfb_uJkHFCcXXXagFXa_!!405125123.jpg
134,supor/苏泊尔,JP12D-800,http://img.alicdn.com/imgextra/i2/2820265280/TB28AiceCcqBKNjSZFgXXX_kXXa_!!2820265280.jpg
135,supor/苏泊尔,JP13D-800,http://img.alicdn.com/imgextra/i4/2820265280/TB2FVGzoCBYBeNjy0FeXXbnmFXa_!!2820265280.jpg
136,supor/苏泊尔,JP19D-1400,http://img.alicdn.com/imgextra/i4/2820265280/TB2L.yTgzihSKJjy0FfXXbGzFXa_!!2820265280.jpg
137,supor/苏泊尔,JP23D-1100,http://img.alicdn.com/imgextra/i1/411927857/TB2ewycgYGYBuNjy0FoXXciBFXa_!!411927857.jpg
138,supor/苏泊尔,JP37V-1300,http://img.alicdn.com/imgextra/i4/2820265280/TB2zlFdoQSWBuNjSszdXXbeSpXa_!!2820265280.jpg
139,supor/苏泊尔,JP39V-1300,http://img.alicdn.com/imgextra/i2/2820265280/TB2klPWekfb_uJkSmFPXXcrCFXa_!!2820265280.jpg
140,jese/洁氏,JS-100G,http://img.alicdn.com/imgextra/i2/3171131705/TB10nFqe0cnBKNjSZR0XXcFqFXa_!!0-item_pic.jpg
141,jese/洁氏,JS-100Y,http://img.alicdn.com/imgextra/i4/3171131705/TB2lVnQoL5TBuNjSspmXXaDRVXa_!!3171131705.jpg
142,supor/苏泊尔,JS36D-300,http://img.alicdn.com/imgextra/i2/671727473/TB2_BIhoxGYBuNjy0FnXXX5lpXa_!!671727473-0-item_pic.jpg
143,supor/苏泊尔,JS39D-250,http://img.alicdn.com/imgextra/i1/925713709/TB2iC2cur9YBuNjy0FgXXcxcXXa_!!925713709-0-item_pic.jpg
144,gemside/捷赛,JSP01,http://img.alicdn.com/imgextra/i3/675256716/TB22DVCtDJYBeNjy1zeXXahzVXa_!!675256716-0-item_pic.jpg
145,金熊,JX-2118,http://img.alicdn.com/imgextra/i2/475338182/TB2DPNRebArBKNjSZFLXXc_dVXa_!!475338182.jpg
146,金熊,JX-2166,http://img.alicdn.com/imgextra/i2/475338182/TB27fJ_h9tYBeNjSspaXXaOOFXa_!!475338182.jpg
147,金熊,JX2199,http://img.alicdn.com/imgextra/i4/475338182/TB2l7FXXzzyQeBjy0FeXXbwyFXa_!!475338182.jpg
148,金熊,JX2598,http://img.alicdn.com/imgextra/i3/475338182/TB2b71ObYSYBuNjSspfXXcZCpXa_!!475338182.jpg
149,金熊,JX2918,http://img.alicdn.com/imgextra/i3/475338182/TB2JSHCkwvD8KJjSsplXXaIEFXa_!!475338182.jpg
150,金熊,JX33588,http://img.alicdn.com/imgextra/i3/475338182/TB2wvUDa9YTBKNjSZKbXXXJ8pXa_!!475338182.jpg
151,格明,K-06,http://img.alicdn.com/imgextra/i1/2540272643/TB2oPRhc8LN8KJjSZFPXXXoLXXa_!!2540272643.jpg
152,格明,K28,http://img.alicdn.com/imgextra/i1/2540272643/TB2BbD0a9CWBuNjy0FhXXb6EVXa_!!2540272643.jpg
153,keabo/凯博,KB-1525AWN,http://img.alicdn.com/imgextra/i3/69719019/TB2I556spmWBuNjSspdXXbugXXa_!!69719019.jpg
154,krups,KB255,http://img.alicdn.com/imgextra/i3/2769969153/TB2Sh1ttkCWBuNjy0FaXXXUlXXa_!!2769969153.jpg
155,krups,KB30380,http://img.alicdn.com/imgextra/i3/2769969153/TB2fmT8gBsmBKNjSZFFXXcT9VXa_!!2769969153.jpg
156,krups,KB870B80,http://img.alicdn.com/imgextra/i1/2923100822/TB2Wh6mjCYH8KJjSspdXXcRgVXa_!!2923100822.jpg
157,dark horse/黑马,KM-699,http://img.alicdn.com/imgextra/i4/2257369559/TB2qNpfasUrBKNjSZPxXXX00pXa_!!2257369559.jpg
158,kenwood/建伍,KM336,http://img.alicdn.com/imgextra/i1/2980059761/TB2P5XOux9YBuNjy0FfXXXIsVXa_!!2980059761-0-item_pic.jpg
159,wmf,KULT X,http://img.alicdn.com/imgextra/i2/2829060891/TB2puKKa2v85uJjSZFxXXal4XXa_!!2829060891.jpg
160,凯云,KY- 602,http://img.alicdn.com/imgextra/i4/2449168968/TB2alaBitbJ8KJjy1zjXXaqapXa_!!2449168968.jpg
161,凯云,KY-3,http://img.alicdn.com/imgextra/i3/2449168968/TB2bBITXm8YBeNkSnb4XXaevFXa_!!2449168968.jpg
162,凯云,KY-601,http://img.alicdn.com/imgextra/i4/2449168968/TB2NcSDkLuSBuNkHFqDXXXfhVXa_!!2449168968.jpg
163,bear/小熊,LB-P919,http://img.alicdn.com/imgextra/i3/263561086/TB2fgWLpGSWBuNjSsrbXXa0mVXa_!!263561086.jpg
164,bear/小熊,LB-P928,http://img.alicdn.com/imgextra/i3/2020509878/TB2KWOzzbxmpuFjSZJiXXXauVXa_!!2020509878.jpg
165,luby/洛贝,LBJ-635B,http://img.alicdn.com/imgextra/i3/409634214/TB2P3xqub1YBuNjSszeXXablFXa_!!409634214.jpg
166,luby/洛贝,LBL-GH01,http://img.alicdn.com/imgextra/i1/409634214/TB23ZxIpwaTBuNjSszfXXXgfpXa_!!409634214.jpg
167,luby/洛贝,LBL-GH03,http://img.alicdn.com/imgextra/i2/409634214/TB2UBj4gf6TBKNjSZJiXXbKVFXa_!!409634214.jpg
168,luby/洛贝,LBL-SL01,http://img.alicdn.com/imgextra/i1/409634214/TB2qoQHg5CYBuNkHFCcXXcHtVXa_!!409634214.jpg
169,letgoo/力果,LG-SY6B,http://img.alicdn.com/imgextra/i3/770386129/TB2cYaGXHZnBKNjSZFrXXaRLFXa_!!770386129.jpg
170,绿航,LH-513,http://img.alicdn.com/imgextra/i3/2549325276/TB2QKjMk8TH8KJjy0FiXXcRsXXa_!!2549325276.jpg
171,liven/利仁,LL-A,http://img.alicdn.com/imgextra/i1/TB1w5XiHVXXXXarXpXXXXXXXXXX_!!0-item_pic.jpg
172,bear/小熊,LLJ-A05H1,http://img.alicdn.com/imgextra/i4/2248962756/TB1oNinjQOWBuNjSsppXXXPgpXa_!!0-item_pic.jpg
173,bear/小熊,LLJ-A12A1,http://img.alicdn.com/imgextra/i3/695320823/TB2VjsZmQCWBuNjy0FaXXXUlXXa_!!695320823.jpg
174,bear/小熊,LLJ-A12G1,http://img.alicdn.com/imgextra/i1/2454077880/TB2RXM_s_lYBeNjSszcXXbwhFXa_!!2454077880-0-item_pic.jpg
175,bear/小熊,LLJ-A12Q3,http://img.alicdn.com/imgextra/i3/2086365720/TB1SIzCmV9gSKJjSspbXXbeNXXa_!!0-item_pic.jpg
176,bear/小熊,LLJ-A12W8,http://img.alicdn.com/imgextra/i1/TB1VbEYJpXXXXXWaXXXXXXXXXXX_!!0-item_pic.jpg
177,bear/小熊,LLJ-B08D1,http://img.alicdn.com/imgextra/i1/1821191022/TB1C.cznsLJ8KJjy0FnXXcFDpXa_!!0-item_pic.jpg
178,bear/小熊,LLJ-B08G2,http://img.alicdn.com/imgextra/i2/2212201876/TB2MWhBor1YBuNjSszeXXablFXa_!!2212201876-0-item_pic.jpg
179,bear/小熊,LLJ-B08J5,http://img.alicdn.com/imgextra/i2/TB1.GxxJXXXXXbfXpXXXXXXXXXX_!!0-item_pic.jpg
180,bear/小熊,LLJ-B12A1,http://img.alicdn.com/imgextra/i3/175592270/TB29yvbb5MnBKNjSZFzXXc_qVXa_!!175592270-0-item_pic.jpg
181,bear/小熊,LLJ-B12K1,http://img.alicdn.com/imgextra/i3/175592270/TB2Gtg.hDtYBeNjy1XdXXXXyVXa_!!175592270-0-item_pic.jpg
182,liven/利仁,LLJ-W501,http://img.alicdn.com/imgextra/i1/848066728/TB2Hpgrqv5TBuNjSspmXXaDRVXa_!!848066728-0-item_pic.jpg
183,凯云,LM-FS501,http://img.alicdn.com/imgextra/i3/722463015/TB2UMAHh4PI8KJjSspfXXcCFXXa_!!722463015.jpg
184,ladyship/贵夫人,LS-658,http://img.alicdn.com/imgextra/i1/1832042579/TB2SmyIoXOWBuNjy0FiXXXFxVXa_!!1832042579-0-item_pic.jpg
185,隆粤,LY-350,http://img.alicdn.com/imgextra/i4/2587384946/TB2XW1Yj9YH8KJjSspdXXcRgVXa_!!2587384946.jpg
186,隆粤,LY-389,http://img.alicdn.com/imgextra/i3/2587384946/TB2x_YCamOFJuJjSZFAXXblRFXa_!!2587384946.jpg
187,蒙达,M-06B,http://img.alicdn.com/imgextra/i4/816291811/TB2Bh0fX1OSBuNjy0FdXXbDnVXa_!!816291811.jpg
188,蒙达,M-08,http://img.alicdn.com/imgextra/i4/816291811/TB1Xn8jm8TH8KJjy0FiXXcRsXXa_!!0-item_pic.jpg
189,bamix,M200,http://img.alicdn.com/imgextra/i2/210710879/TB27bs3XcIa61Bjy0FiXXc1XpXa_!!210710879.jpg
190,家润美,M300,http://img.alicdn.com/imgextra/i1/1757027914/TB2Pq5qo41YBuNjy1zcXXbNcXXa_!!1757027914.jpg
191,韩伟,M350,http://img.alicdn.com/imgextra/i2/2193346826/TB2AnRKs49YBuNjy0FfXXXIsVXa_!!2193346826.jpg
192,hap/韩派,M400,http://img.alicdn.com/imgextra/i1/1757027914/TB2i6FGlYXlpuFjy1zbXXb_qpXa_!!1757027914.jpg
193,韩伟,M730,http://img.alicdn.com/imgextra/i3/2193346826/TB2.2fYfcj_B1NjSZFHXXaDWpXa_!!2193346826.jpg
194,韩伟,M760,http://img.alicdn.com/imgextra/i1/2193346826/TB27E00h8DH8KJjSspnXXbNAVXa_!!2193346826.jpg
195,韩伟,M780,http://img.alicdn.com/imgextra/i2/2193346826/TB2TqtBgVGWBuNjy0FbXXb4sXXa_!!2193346826.jpg
196,嘉和,MB-1001,http://img.alicdn.com/imgextra/i1/3299888022/TB2e0lJhAfb_uJjSsrbXXb6bVXa_!!3299888022.jpg
197,水花,MB-1001,http://img.alicdn.com/imgextra/i2/2784541229/TB2eXpZdHZnBKNjSZFKXXcGOVXa_!!2784541229.jpg
198,扬子,MB-1201J2,http://img.alicdn.com/imgextra/i2/2986804705/TB21qPXbv9TBuNjy1zbXXXpepXa_!!2986804705.jpg
199,水花,MB-1301K13,http://img.alicdn.com/imgextra/i3/676010293/TB22I.IhMaTBuNjSszfXXXgfpXa_!!676010293.jpg
200,安纬特,MB1001,http://img.alicdn.com/imgextra/i2/896964755/TB210OQcSvHfKJjSZFPXXbttpXa_!!896964755.jpg
201,安纬特,MB1002,http://img.alicdn.com/imgextra/i3/896964755/TB2fVYhcvjM8KJjSZFyXXXdzVXa_!!896964755.jpg
202,fxunshi/华迅仕,MD-8500A,http://img.alicdn.com/imgextra/i1/570229670/TB2kboIcpuWBuNjSspnXXX1NVXa_!!570229670.jpg
203,bosch/博世,MFZ4050,http://img.alicdn.com/imgextra/i4/666900686/TB2XXwtoFXXXXXGXFXXXXXXXXXX_!!666900686.jpg
204,robot-coupe/罗伯特.库伯,MICROMIX,http://img.alicdn.com/imgextra/i1/82359668/TB2VgVqeFmWBuNjSspdXXbugXXa_!!82359668.jpg
205,mekka/麦嘉,MJ2050,http://img.alicdn.com/imgextra/i2/2050812404/TB2uSgutVXXXXXwXXXXXXXXXXXX_!!2050812404.jpg
206,mekka/麦嘉,MJ2240,http://img.alicdn.com/imgextra/i2/2050812404/TB25h8xqFXXXXXHXXXXXXXXXXXX_!!2050812404.jpg
207,minimei,MM-201,http://img.alicdn.com/imgextra/i2/2397107310/TB2FfytnElnpuFjSZFjXXXTaVXa_!!2397107310.jpg
208,bosch/博世,MMBS67GMCN,http://img.alicdn.com/imgextra/i2/1990484446/TB2e_Mnt_JYBeNjy1zeXXahzVXa_!!1990484446.jpg
209,麦宁,MN-2168,http://img.alicdn.com/imgextra/i3/TB1YW4iLXXXXXbAXFXXXXXXXXXX_!!0-item_pic.jpg
210,麦宁,MN2118,http://img.alicdn.com/imgextra/i2/2199793176/TB2u3MvgvNNTKJjSspcXXb4KVXa_!!2199793176.jpg
211,fronton/弗朗顿,MNS-PB106,http://img.alicdn.com/imgextra/i1/3707995535/TB2R6WInf9TBuNjy0FcXXbeiFXa_!!3707995535.jpg
212,braun/博朗,MQ545,http://img.alicdn.com/imgextra/i2/3391983164/TB1cUnRiDnI8KJjy0FfXXcdoVXa_!!2-item_pic.png
213,morphy richards/摩飞电器,MR 1029,http://img.alicdn.com/imgextra/i4/136954247/TB2630RXhGYBuNjy0FnXXX5lpXa_!!136954247.jpg
214,milate/美莱特,MS-1,http://img.alicdn.com/imgextra/i4/1762900326/TB2N3fDdnqWBKNjSZFAXXanSpXa_!!1762900326.jpg
215,topkitch,MS-1,http://img.alicdn.com/imgextra/i1/781321328/TB2tRcugxHI8KJjy1zbXXaxdpXa_!!781321328.jpg
216,侬心,MS-2,http://img.alicdn.com/imgextra/i1/2098100054/TB2o1YguER1BeNjy0FmXXb0wVXa_!!2098100054.jpg
217,bosch/博世,MSM2410,http://img.alicdn.com/imgextra/i3/2829060891/TB2bExydScqBKNjSZFgXXX_kXXa_!!2829060891.jpg
218,bosch/博世,MSM66020,http://img.alicdn.com/imgextra/i3/2829060891/TB2pxmdj8HH8KJjy0FbXXcqlpXa_!!2829060891.jpg
219,bosch/博世,MSME6110CN,http://img.alicdn.com/imgextra/i1/1990484446/TB2shtagYZnBKNjSZFGXXbt3FXa_!!1990484446.jpg
220,bosch/博世,MSME7414CN,http://img.alicdn.com/imgextra/i4/TB1OePCRpXXXXXBaVXXXXXXXXXX_!!0-item_pic.jpg
221,bosch/博世,MSMM8910CN,http://img.alicdn.com/imgextra/i2/1990484446/TB2afKrtY5YBuNjSspoXXbeNFXa_!!1990484446.jpg
222,clara,MST-PBJ-V30,http://img.alicdn.com/imgextra/i4/2506010982/TB2v.2Pe3aTBuNjSszfXXXgfpXa_!!2506010982.jpg
223,bosch/博世,MUM57830,http://img.alicdn.com/imgextra/i2/105142850/TB1VxDRouuSBuNjSsziXXbq8pXa_!!0-item_pic.jpg
224,bosch/博世,MUMXL10T,http://img.alicdn.com/imgextra/i3/105142850/TB2JQ8Ki5qAXuNjy1XdXXaYcVXa_!!105142850.png
225,meichen/美星晨,MXC-02,http://img.alicdn.com/imgextra/i3/1830244535/TB2g2NXpnlYBeNjSszcXXbwhFXa_!!1830244535.jpg
226,rosenstein&sohne,NC2406,http://img.alicdn.com/imgextra/i3/2891692197/TB1yo1Ek8mWBuNkSndVXXcsApXa_!!0-item_pic.jpg
227,nathome/北欧欧慕,NJB103SA,http://img.alicdn.com/imgextra/i2/2095519855/TB2kOSOtr1YBuNjSszhXXcUsFXa_!!2095519855.jpg
228,bamix,OTHER,http://img.alicdn.com/imgextra/i2/515942890/TB2fZajhH1YBuNjSszhXXcUsFXa_!!515942890.jpg
229,1号宝贝,OUYOU0011,http://img.alicdn.com/imgextra/i2/3480261630/TB2hsDSjdnJ8KJjSszdXXaxuFXa_!!3480261630.jpg
230,欧麦斯,P802,http://img.alicdn.com/imgextra/i3/3052942911/TB27OEnlb9YBuNjy0FgXXcxcXXa_!!3052942911-0-item_pic.jpg
231,欧麦斯,P806,http://img.alicdn.com/imgextra/i4/2177424324/TB2FsVcjpOWBuNjy0FiXXXFxVXa_!!2177424324-0-item_pic.jpg
232,rileosip/雅乐思,PB-M1-1602,http://img.alicdn.com/imgextra/i2/63692970/TB2mIL5XfBNTKJjSszeXXcu2VXa_!!63692970.jpg
233,ukoeo,PR6,http://img.alicdn.com/imgextra/i3/1761216492/TB1R8V9pA9WBuNjSspeXXaz5VXa_!!0-item_pic.jpg
234,ukoeo,PR9,http://img.alicdn.com/imgextra/i4/3243326368/TB2zQOSauUXBuNjt_XBXXXeDXXa_!!3243326368.jpg
235,german pool/德国宝,PRO-10,http://img.alicdn.com/imgextra/i1/2108203872/TB1xWaHpr5YBuNjSspoXXbeNFXa_!!0-item_pic.jpg
236,german pool/德国宝,PRO-11CM,http://img.alicdn.com/imgextra/i4/2774942528/TB28MGCtv9TBuNjy0FcXXbeiFXa_!!2774942528.jpg
237,german pool/德国宝,PRO-813,http://img.alicdn.com/imgextra/i4/2774942528/TB2pzF4gHorBKNjSZFjXXc_SpXa_!!2774942528.jpg
238,金厨喜,QC-888,http://img.alicdn.com/imgextra/i4/1082385966/TB2UpbPnInI8KJjSsziXXb8QpXa_!!1082385966.jpg
239,hyundai/现代,QC-JR089,http://img.alicdn.com/imgextra/i1/3295794954/TB2JKztt1uSBuNjSsziXXbq8pXa_!!3295794954.jpg
240,bear/小熊,QSJ-A01F2,http://img.alicdn.com/imgextra/i2/2223303486/TB1pAOlgBjTBKNjSZFuXXb0HFXa_!!0-item_pic.jpg
241,bear/小熊,QSJ-A03A1,http://img.alicdn.com/imgextra/i3/2223303486/TB14YvwXKuSBuNjy1XcXXcYjFXa_!!0-item_pic.jpg
242,bear/小熊,QSJ-B02S1,http://img.alicdn.com/imgextra/i3/2704407242/TB2d3XZuh9YBuNjy0FfXXXIsVXa_!!2704407242.jpg
243,bear/小熊,QSJ-B02U2,http://img.alicdn.com/imgextra/i2/2492836366/TB24gw7fIyYBuNkSnfoXXcWgVXa_!!2492836366.jpg
244,bear/小熊,QSJ-B02X5,http://img.alicdn.com/imgextra/i3/2175769676/TB2PT04pxSYBuNjSsphXXbGvVXa_!!2175769676.jpg
245,bear/小熊,QSJ-B03D1,http://img.alicdn.com/imgextra/i3/TB1y0aULVXXXXXqXFXXXXXXXXXX_!!0-item_pic.jpg
246,bear/小熊,QSJ-B03R2,http://img.alicdn.com/imgextra/i3/175592270/TB2nM0auDtYBeNjy1XdXXXXyVXa_!!175592270-0-item_pic.jpg
247,hattiecs/海蒂诗,RBM-728,http://img.alicdn.com/imgextra/i2/137861347/TB2yACGramWBuNjy1XaXXXCbXXa_!!137861347.jpg
248,ranbem/瑞本,RBM-728,http://img.alicdn.com/imgextra/i2/2771635964/TB2Pk.OkmYH8KJjSspdXXcRgVXa_!!2771635964.jpg
249,ranbem/瑞本,RBM-768B,http://img.alicdn.com/imgextra/i3/2771635964/TB2e66CklcHL1JjSZJiXXcKcpXa_!!2771635964.jpg
250,hattiecs/海蒂诗,RBM-775,http://img.alicdn.com/imgextra/i3/137861347/TB2KxdScnCWBKNjSZFtXXaC3FXa_!!137861347.jpg
251,ranbem/瑞本,RBM-775,http://img.alicdn.com/imgextra/i3/1691479555/TB2sLxYkaSWBuNjSsrbXXa0mVXa_!!1691479555.jpg
252,recolte/丽克特,RCP-2,http://img.alicdn.com/imgextra/i4/3560222287/TB2yEwOuk9WBuNjSspeXXaz5VXa_!!3560222287.jpg
253,sansui/山水,SA18,http://img.alicdn.com/imgextra/i4/1061167843/TB2q1AUpCtYBeNjSspaXXaOOFXa_!!1061167843-0-item_pic.jpg
254,三的,SD-LL06,http://img.alicdn.com/imgextra/i4/2456228927/TB26ga_tXuWBuNjSszbXXcS7FXa_!!2456228927-0-item_pic.jpg
255,三的,SD-LL07,http://img.alicdn.com/imgextra/i3/2456228927/TB278jafTCWBKNjSZFtXXaC3FXa_!!2456228927-0-item_pic.jpg
256,三的,SD-LL13,http://img.alicdn.com/imgextra/i2/2456228927/TB1Ku1raHuWBuNjSszgXXb8jVXa_!!0-item_pic.jpg
257,朋客,SG-350B,http://img.alicdn.com/imgextra/i4/444760264/TB2A.oogQZmBKNjSZPiXXXFNVXa_!!444760264.jpg
258,朋客,SG-350C,http://img.alicdn.com/imgextra/i4/2130194131/TB2P50JbHsrBKNjSZFpXXcXhFXa_!!2130194131.jpg
259,朋客,SG-350D,http://img.alicdn.com/imgextra/i2/2130194131/TB1P2y5a_JYBeNjy1zeXXahzVXa_!!0-item_pic.jpg
260,朋客,SG-350F,http://img.alicdn.com/imgextra/i3/1671264226/TB2VxbyagKTBuNkSne1XXaJoXXa_!!1671264226.jpg
261,supor/苏泊尔,SJ609B-300,http://img.alicdn.com/imgextra/i3/2065839946/TB1x1X3uAyWBuNjy0FpXXassXXa_!!0-item_pic.jpg
262,高博,SM-505,http://img.alicdn.com/imgextra/i2/2873393010/TB1uNEslfuSBuNkHFqDXXXfhVXa_!!0-item_pic.jpg
263,高博,SM-508,http://img.alicdn.com/imgextra/i1/2873393010/TB1AB8AjsyYBuNkSnfoXXcWgVXa_!!0-item_pic.jpg
264,severin,SM3710,http://img.alicdn.com/imgextra/i3/2774585787/TB21mPWmcyYBuNkSnfoXXcWgVXa_!!2774585787-0-item_pic.jpg
265,severin,SM3739,http://img.alicdn.com/imgextra/i2/2774585787/TB2jMdVk3KTBuNkSne1XXaJoXXa_!!2774585787-0-item_pic.jpg
266,smeg,SMF 01,http://img.alicdn.com/imgextra/i3/2080867528/TB2j5FHuAyWBuNjy0FpXXassXXa_!!2080867528.jpg
267,kenwood/建伍,SMP060,http://img.alicdn.com/imgextra/i3/1120240545/TB2_coXtf5TBuNjSspmXXaDRVXa_!!1120240545-0-item_pic.jpg
268,stelang/雪特朗,ST-301A,http://img.alicdn.com/imgextra/i2/844210459/TB1WVAfo3vD8KJjy0FlXXagBFXa_!!0-item_pic.jpg
269,teables/泰博斯,SY-1,http://img.alicdn.com/imgextra/i4/2362774629/TB2TX1OpFuWBuNjSszbXXcS7FXa_!!2362774629.jpg
270,领锐,SY250C,http://img.alicdn.com/imgextra/i4/2392588019/TB24F3ijASWBuNjSszdXXbeSpXa_!!2392588019.jpg
271,supor/苏泊尔,TJE08A-250,http://img.alicdn.com/imgextra/i4/2334786851/TB20zvhtXuWBuNjSszbXXcS7FXa_!!2334786851.jpg
272,toplife/好生活,TL-7233DP,http://img.alicdn.com/imgextra/i1/2094287219/TB2U1yamXuWBuNjSspnXXX1NVXa_!!2094287219.jpg
273,toplife/好生活,TL-783B,http://img.alicdn.com/imgextra/i4/2094287219/TB2LACOlStYBeNjSspaXXaOOFXa_!!2094287219.jpg
274,amoi/夏新,TL-GB660,http://img.alicdn.com/imgextra/i1/2447836580/TB2Gpr0r_tYBeNjy1XdXXXXyVXa_!!2447836580.jpg
275,amoi/夏新,TL-GB990,http://img.alicdn.com/imgextra/i2/2447836580/TB2j6ULnStYBeNjSspkXXbU8VXa_!!2447836580-0-item_pic.jpg
276,amoi/夏新,TL-X11,http://img.alicdn.com/imgextra/i1/2447836580/TB2dDJBi1OSBuNjy0FdXXbDnVXa_!!2447836580.jpg
277,小太阳,TM-3S,http://img.alicdn.com/imgextra/i2/1759505279/TB2euQPi_XYBeNkHFrdXXciuVXa_!!1759505279-0-item_pic.jpg
278,小太阳,TM-767III,http://img.alicdn.com/imgextra/i3/1759505279/TB27MVvrv5TBuNjSspcXXbnGFXa_!!1759505279-0-item_pic.jpg
279,小太阳,TM-803T,http://img.alicdn.com/imgextra/i2/1759505279/TB22ZBisL5TBuNjSspcXXbnGFXa_!!1759505279-0-item_pic.jpg
280,tescom,TMV1500,http://img.alicdn.com/imgextra/i2/1873147866/TB2IFLajN6I8KJjy0FgXXXXzVXa_!!1873147866.jpg
281,tescom,TMV1550,http://img.alicdn.com/imgextra/i1/3083413868/TB2ho4DuL9TBuNjy0FcXXbeiFXa_!!3083413868-0-item_pic.jpg
282,h2艾奇尔,TYB-999,http://img.alicdn.com/imgextra/i3/88338465/TB2_krjibJkpuFjy1zcXXa5FFXa-88338465.jpg
283,bamix,UNOLD ESGE,http://img.alicdn.com/imgextra/i1/2829060891/TB2A.0UaYSYBuNjSspiXXXNzpXa_!!2829060891.jpg
284,whirlpool/惠而浦,WBL-CG181Y,http://img.alicdn.com/imgextra/i1/3192206056/TB2K2GQn3mTBuNjy1XbXXaMrVXa_!!3192206056.jpg
285,whirlpool/惠而浦,WBL-MS302D,http://img.alicdn.com/imgextra/i1/3122798808/TB23FYPtrSYBuNjSspiXXXNzpXa_!!3122798808.jpg
286,minos/迈诺诗,WMS-PB106,http://img.alicdn.com/imgextra/i3/2689901711/TB2vjugbAomBKNjSZFqXXXtqVXa_!!2689901711.jpg
287,clara,XD-K20E,http://img.alicdn.com/imgextra/i2/2506010982/TB2mPHjjDTI8KJjSsphXXcFppXa_!!2506010982.jpg
288,vvmax/维仕美,XPH-S,http://img.alicdn.com/imgextra/i1/2044128311/TB2FtHXerSYBuNjSspfXXcZCpXa_!!2044128311-0-item_pic.jpg
289,山雄,XZ-PB6818,http://img.alicdn.com/imgextra/i3/774900760/TB24KQGo7yWBuNjy0FpXXassXXa_!!774900760.jpg
290,yoice/优益,Y-ZZJ2,http://img.alicdn.com/imgextra/i4/2937803332/TB2mO0llv2H8KJjy1zkXXXr7pXa_!!2937803332.jpg
291,viomi/云米,YM-BH01,http://img.alicdn.com/imgextra/i3/2984235367/TB2_OTweOAnBKNjSZFvXXaTKXXa_!!2984235367.jpg
292,慧浦,YS-001,http://img.alicdn.com/imgextra/i4/211263556/TB2050npuSSBuNjy0FlXXbBpVXa_!!211263556.jpg
293,扬子,YZ-B201,http://img.alicdn.com/imgextra/i1/2652322990/TB2FMjqqAKWBuNjy1zjXXcOypXa_!!2652322990.jpg
294,扬子,YZ-B601,http://img.alicdn.com/imgextra/i3/3087510531/TB20jIqoGmWBuNjy1XaXXXCbXXa_!!3087510531.jpg
295,braun/博朗, 4179,http://img.alicdn.com/imgextra/i2/1911588863/TB1F6zCcxrI8KJjy0FpXXb5hVXa_!!0-item_pic.jpg
296,hamilton beach/汉美驰, 51126-CN,http://img.alicdn.com/imgextra/i4/41168047/TB2Qm9QXHgjyKJjy0FbXXaCtXXa_!!41168047.jpg
297,braun/博朗, 735,http://img.alicdn.com/imgextra/i4/65757032/TB1MtTqnH1YBuNjSszhXXcUsFXa_!!0-item_pic.jpg
298,金正, 818A,http://img.alicdn.com/imgextra/i4/547328700/TB275Lhn7OWBuNjSsppXXXPgpXa_!!547328700.jpg
299,midea/美的, BL25B26,http://img.alicdn.com/imgextra/i4/1117995950/TB2ww7Ad25TBuNjSspcXXbnGFXa_!!1117995950.jpg
300,midea/美的, BL25B31,http://img.alicdn.com/imgextra/i2/1685140992/TB2eXANgCCWBuNjy0FhXXb6EVXa_!!1685140992.jpg
301,midea/美的, BL25B36,http://img.alicdn.com/imgextra/i4/680971956/TB2ppEcfIyYBuNkSnfoXXcWgVXa_!!680971956.jpg
302,joyoung/九阳, C020E,http://img.alicdn.com/imgextra/i4/353868963/TB2fUhapXXXXXbLXpXXXXXXXXXX_!!353868963.jpg
303,joyoung/九阳, C91T,http://img.alicdn.com/imgextra/i1/21615210/TB2CgG6kB8kpuFjSspeXXc7IpXa_!!21615210.jpg
304,金正, D30,http://img.alicdn.com/imgextra/i4/2453780152/TB2HJNAigDD8KJjy0FdXXcjvXXa_!!2453780152.jpg
305,braun/博朗, FP3010,http://img.alicdn.com/imgextra/i1/290437336/TB2lf9dbnwKL1JjSZFgXXb6aVXa_!!290437336.jpg
306,philips/飞利浦, HR1604,http://img.alicdn.com/imgextra/i3/2114696912/TB2GRIXl2iSBuNkSnhJXXbDcpXa_!!2114696912.jpg
307,philips/飞利浦, HR1607,http://img.alicdn.com/imgextra/i3/725490877/TB25mp0lL5TBuNjSspcXXbnGFXa_!!725490877.jpg
308,philips/飞利浦, HR1608,http://img.alicdn.com/imgextra/i4/585745363/TB29C6zsFuWBuNjSszbXXcS7FXa_!!585745363-0-item_pic.jpg
309,philips/飞利浦, HR1608/03,http://img.alicdn.com/imgextra/i3/TB1RGXFJXXXXXX7aXXXXXXXXXXX_!!0-item_pic.jpg
310,philips/飞利浦, HR1609,http://img.alicdn.com/imgextra/i1/585745363/TB1Y.q2qL1TBuNjy0FjXXajyXXa_!!0-item_pic.jpg
311,philips/飞利浦, HR1623,http://img.alicdn.com/imgextra/i4/65102616/TB2MnJoXmreFuJjSspnXXahgpXa_!!65102616.jpg
312,philips/飞利浦, HR1626,http://img.alicdn.com/imgextra/i3/92686194/TB1pdfstVGWBuNjy0FbXXb4sXXa_!!0-item_pic.jpg
313,philips/飞利浦, HR1672,http://img.alicdn.com/imgextra/i2/585745363/TB1rlUEh0rJ8KJjSspaXXXuKpXa_!!0-item_pic.jpg
314,philips/飞利浦, HR1673,http://img.alicdn.com/imgextra/i2/2884711927/TB1CSXNg2ImBKNjSZFlXXc43FXa_!!0-item_pic.jpg
315,philips/飞利浦, HR2056,http://img.alicdn.com/imgextra/i2/108356190/TB24Z15jJhvOuFjSZFBXXcZgFXa_!!108356190.jpg
316,philips/飞利浦, HR2056/00,http://img.alicdn.com/imgextra/i1/59777114/TB2O50qXmKI.eBjy1zcXXXIOpXa_!!59777114.jpg
317,philips/飞利浦, HR2062,http://img.alicdn.com/imgextra/i1/257594929/TB2IQkyaXHzQeBjSZFpXXXm1XXa_!!257594929.jpg
318,philips/飞利浦, HR2100,http://img.alicdn.com/imgextra/i1/585745363/TB22RwvtAOWBuNjSsppXXXPgpXa_!!585745363-0-item_pic.jpg
319,philips/飞利浦, HR2100/40,http://img.alicdn.com/imgextra/i3/1092019494/TB2evMNoACWBuNjy0FaXXXUlXXa_!!1092019494.jpg
320,philips/飞利浦, HR2101/03,http://img.alicdn.com/imgextra/i3/1092019494/TB2UkDAX0ifF1Jjy0FdXXX3dpXa_!!1092019494.jpg
321,philips/飞利浦, HR2166,http://img.alicdn.com/imgextra/i3/585745363/TB1mEx0dWQoBKNjSZJnXXaw9VXa_!!0-item_pic.jpg
322,philips/飞利浦, HR3653,http://img.alicdn.com/imgextra/i3/22932360/TB2oJp5gSfD8KJjSszhXXbIJFXa_!!22932360.jpg
323,braun/博朗, JB7192,http://img.alicdn.com/imgextra/i3/290437336/TB2Aii5X.z.BuNjt_bXXXcQmpXa_!!290437336.jpg
324,braun/博朗, JM3013,http://img.alicdn.com/imgextra/i3/1916444706/TB2W4TOgTlYBeNjSszcXXbwhFXa_!!1916444706.jpg
325,joyoung/九阳, JYB-F1,http://img.alicdn.com/imgextra/i2/725643458/TB1Knq0ifuSBuNkHFqDXXXfhVXa_!!0-item_pic.jpg
326,joyoung/九阳, JYL-C010,http://img.alicdn.com/imgextra/i4/415670368/TB14vqWh8yWBuNkSmFPXXXguVXa_!!0-item_pic.jpg
327,joyoung/九阳, JYL-C012,http://img.alicdn.com/imgextra/i3/2121958061/TB2XSUhhOOYBuNjSsD4XXbSkFXa_!!2121958061-0-item_pic.jpg
328,joyoung/九阳, JYL-C012料理机,http://img.alicdn.com/imgextra/i4/1598765249/TB2_jlmdFHM8KJjSZJiXXbx3FXa_!!1598765249.jpg
329,joyoung/九阳, JYL-C020E,http://img.alicdn.com/imgextra/i3/530963095/TB2eq_yXjZnyKJjSZFxXXabIpXa_!!530963095.jpg
330,joyoung/九阳, JYL-C020E料理机,http://img.alicdn.com/imgextra/i2/1598765249/TB2QXRTmTvI8KJjSspjXXcgjXXa_!!1598765249.jpg
331,joyoung/九阳, JYL-C022,http://img.alicdn.com/imgextra/i4/2103628430/TB1FgFoqb5YBuNjSspoXXbeNFXa_!!2103628430-0-item_pic.jpg
332,joyoung/九阳, JYL-C022E,http://img.alicdn.com/imgextra/i3/530963095/TB2eq_yXjZnyKJjSZFxXXabIpXa_!!530963095.jpg
333,joyoung/九阳, JYL-C051,http://img.alicdn.com/imgextra/i4/853154147/TB2HsV8qb1YBuNjSszhXXcUsFXa_!!853154147-0-item_pic.jpg
334,joyoung/九阳, JYL-C051料理机,http://img.alicdn.com/imgextra/i4/1598765249/TB2pFQjknvI8KJjSspjXXcgjXXa_!!1598765249.jpg
335,joyoung/九阳, JYL-C16D,http://img.alicdn.com/imgextra/i2/866835366/TB2lu5RklfH8KJjy1XbXXbLdXXa_!!866835366.jpg
336,joyoung/九阳, JYL-C16V,http://img.alicdn.com/imgextra/i4/3304209841/TB18JT2iC8YBeNkSnb4XXaevFXa_!!0-item_pic.jpg
337,joyoung/九阳, JYL-C19V,http://img.alicdn.com/imgextra/i1/250512969/TB2ugjvaMsSMeJjSsphXXXuJFXa_!!250512969.jpg
338,joyoung/九阳, JYL-C50T,http://img.alicdn.com/imgextra/i3/690393523/TB2p.l.qXXXXXacXFXXXXXXXXXX_!!690393523.jpg
339,joyoung/九阳, JYL-C50T料理机,http://img.alicdn.com/imgextra/i2/1598765249/TB2KenTkhBmpuFjSZFDXXXD8pXa_!!1598765249.jpg
340,joyoung/九阳, JYL-C902D,http://img.alicdn.com/imgextra/i3/76327508/TB2drXQfXkoBKNjSZFkXXb4tFXa_!!76327508.jpg
341,joyoung/九阳, JYL-C91T,http://img.alicdn.com/imgextra/i3/2161148888/TB2tdvPqpGWBuNjy0FbXXb4sXXa_!!2161148888-0-item_pic.jpg
342,joyoung/九阳, JYL-C91T料理机,http://img.alicdn.com/imgextra/i2/1598765249/TB25ZnekdbJ8KJjy1zjXXaqapXa_!!1598765249.jpg
343,joyoung/九阳, JYL-D020,http://img.alicdn.com/imgextra/i1/2581285015/TB2kVNrqb5YBuNjSspoXXbeNFXa_!!2581285015.jpg
344,joyoung/九阳, JYL-D022,http://img.alicdn.com/imgextra/i3/1910480193/TB2tiAMp4SYBuNjSsphXXbGvVXa_!!1910480193-0-item_pic.jpg
345,joyoung/九阳, JYL-F901,http://img.alicdn.com/imgextra/i1/415670368/TB1bSvoh4uTBuNkHFNRXXc9qpXa_!!0-item_pic.jpg
346,joyoung/九阳, JYL-G12,http://img.alicdn.com/imgextra/i4/2587351960/TB1wYPShNuTBuNkHFNRXXc9qpXa_!!0-item_pic.jpg
347,joyoung/九阳, JYL-G12E,http://img.alicdn.com/imgextra/i4/TB1yfkPKFXXXXXRXpXXXXXXXXXX_!!0-item_pic.jpg
348,joyoung/九阳, JYL-Y11,http://img.alicdn.com/imgextra/i3/2106720042/TB14jw4qGSWBuNjSsrbXXa0mVXa_!!0-item_pic.jpg
349,joyoung/九阳, JYL-Y12H,http://img.alicdn.com/imgextra/i4/3554055162/TB2JVb3iFuWBuNjSszbXXcS7FXa_!!3554055162.jpg
350,joyoung/九阳, JYL-Y15,http://img.alicdn.com/imgextra/i2/223721188/TB2d87uqKuSBuNjSsplXXbe8pXa_!!223721188.jpg
351,joyoung/九阳, JYL-Y16,http://img.alicdn.com/imgextra/i1/60297997/TB2H_uVoXXXXXctXXXXXXXXXXXX_!!60297997.jpg
352,joyoung/九阳, JYL-Y18,http://img.alicdn.com/imgextra/i3/60297997/TB2tnDpcnnI8KJjy0FfXXcdoVXa_!!60297997.jpg
353,joyoung/九阳, JYL-Y20,http://img.alicdn.com/imgextra/i3/223721188/TB2xHrgdL9TBuNjy1zbXXXpepXa_!!223721188.jpg
354,joyoung/九阳, JYL-Y29,http://img.alicdn.com/imgextra/i2/3403390499/TB2R6ehmBDH8KJjy1zeXXXjepXa_!!3403390499.jpg
355,joyoung/九阳, JYL-Y3,http://img.alicdn.com/imgextra/i4/3304209841/TB1ZBe6frZnBKNjSZFGXXbt3FXa_!!0-item_pic.jpg
356,joyoung/九阳, JYL-Y6,http://img.alicdn.com/imgextra/i1/725643458/TB1FrIgquuSBuNjSsziXXbq8pXa_!!0-item_pic.jpg
357,joyoung/九阳, JYL-Y60,http://img.alicdn.com/imgextra/i2/60297997/TB29b11dbGYBuNjy0FoXXciBFXa_!!60297997.jpg
358,joyoung/九阳, JYL-Y8 PLUS,http://img.alicdn.com/imgextra/i4/3304209841/TB1kVhUfBnTBKNjSZPfXXbf1XXa_!!0-item_pic.jpg
359,joyoung/九阳, JYL-Y910,http://img.alicdn.com/imgextra/i4/2986307776/TB1migVeJknBKNjSZKPXXX6OFXa_!!0-item_pic.jpg
360,joyoung/九阳, JYL-Y912,http://img.alicdn.com/imgextra/i3/530963095/TB2bhmYg84lpuFjy1zjXXcAKpXa_!!530963095.jpg
361,joyoung/九阳, JYL-Y915,http://img.alicdn.com/imgextra/i1/530963095/TB2eAdHevjM8KJjSZFyXXXdzVXa_!!530963095.jpg
362,joyoung/九阳, JYL-Y917,http://img.alicdn.com/imgextra/i2/353868963/TB1yywvPpXXXXcJXpXXXXXXXXXX_!!0-item_pic.jpg
363,joyoung/九阳, JYL-Y92,http://img.alicdn.com/imgextra/i1/76327508/TB2PYQShTdYBeNkSmLyXXXfnVXa_!!76327508.jpg
364,joyoung/九阳, JYL-Y99,http://img.alicdn.com/imgextra/i4/364389183/TB2FaJvcv6H8KJjy0FjXXaXepXa_!!364389183.jpg
365,joyoung/九阳, JYS-A800,http://img.alicdn.com/imgextra/i3/21615210/TB2q8WtrY0kpuFjy0FjXXcBbVXa_!!21615210.jpg
366,joyoung/九阳, JYS-A950,http://img.alicdn.com/imgextra/i1/415670368/TB1pjz7qbGYBuNjy0FoXXciBFXa_!!0-item_pic.jpg
367,joyoung/九阳, JYZ-Y20,http://img.alicdn.com/imgextra/i1/60297997/TB2CWcToMvD8KJjy0FlXXagBFXa_!!60297997.jpg
368,金正, JZM-2507,http://img.alicdn.com/imgextra/i3/924448679/TB2XQbyaYuWBuNjSszgXXb8jVXa_!!924448679.jpg
369,金正, JZPB-100D02,http://img.alicdn.com/imgextra/i3/547328700/TB2CjAlf9CWBuNjy0FhXXb6EVXa_!!547328700.jpg
370,金正, JZPB-809A,http://img.alicdn.com/imgextra/i4/924448679/TB2z.Qfh8HH8KJjy0FbXXcqlpXa_!!924448679.jpg
371,金正, JZPB-810A,http://img.alicdn.com/imgextra/i4/2453771986/TB2Aq.zdH9YBuNjy0FgXXcxcXXa_!!2453771986.jpg
372,金正, JZPB-818A,http://img.alicdn.com/imgextra/i3/2736724248/TB2y1BCoY1YBuNjSszhXXcUsFXa_!!2736724248.jpg
373,金正, JZPB-824B,http://img.alicdn.com/imgextra/i1/547328700/TB24KsBevuSBuNkHFqDXXXfhVXa_!!547328700.jpg
374,金正, JZPB-950,http://img.alicdn.com/imgextra/i3/547328700/TB2QaI9f4GYBuNjy0FnXXX5lpXa_!!547328700.jpg
375,金正, JZPB-960,http://img.alicdn.com/imgextra/i4/924448679/TB2KJCwhKSSBuNjy0FlXXbBpVXa_!!924448679.jpg
376,金正, JZPB-963X,http://img.alicdn.com/imgextra/i2/2736724248/TB2Mr12dSBYBeNjy0FeXXbnmFXa_!!2736724248.jpg
377,金正, JZR-R329,http://img.alicdn.com/imgextra/i3/2103760658/TB2lhSXa3aTBuNjSszfXXXgfpXa_!!2103760658.jpg
378,金正, JZW-2507,http://img.alicdn.com/imgextra/i3/1959232976/TB2n8qyk29TBuNjy1zbXXXpepXa_!!1959232976-0-item_pic.jpg
379,joyoung/九阳, L3-C1,http://img.alicdn.com/imgextra/i1/76327508/TB28KA6p3mTBuNjy1XbXXaMrVXa_!!76327508.jpg
380,midea/美的, MJ-BL1015A升级BL1507A,http://img.alicdn.com/imgextra/i4/736092053/TB2.I_KknTI8KJjSsphXXcFppXa_!!736092053.jpg
381,midea/美的, MJ-BL10K21,http://img.alicdn.com/imgextra/i3/3488681294/TB2pSTed7OWBuNjSsppXXXPgpXa_!!3488681294.jpg
382,midea/美的, MJ-BL10S11,http://img.alicdn.com/imgextra/i4/736092053/TB2umnoqY0kpuFjy0FjXXcBbVXa_!!736092053.jpg
383,midea/美的, MJ-BL1206A,http://img.alicdn.com/imgextra/i2/736092053/TB26mRZcAUOyuJjy1XdXXXlkXXa_!!736092053.jpg
384,midea/美的, MJ-BL12K31,http://img.alicdn.com/imgextra/i1/3551003868/TB2rAJCtER1BeNjy0FmXXb0wVXa_!!3551003868.jpg
385,midea/美的, MJ-BL1503B,http://img.alicdn.com/imgextra/i2/736092053/TB2aXiDgRDH8KJjSszcXXbDTFXa_!!736092053.jpg
386,midea/美的, MJ-BL25B12,http://img.alicdn.com/imgextra/i2/1117995950/TB2MZhylrGYBuNjy0FoXXciBFXa_!!1117995950.jpg
387,midea/美的, MJ-BL25B2,http://img.alicdn.com/imgextra/i2/1688704882/TB1hCJ1uv5TBuNjSspmXXaDRVXa_!!2-item_pic.png
388,midea/美的, MJ-BL45J11,http://img.alicdn.com/imgextra/i2/3551003868/TB2SRNstgmTBuNjy1XbXXaMrVXa_!!3551003868.jpg
389,midea/美的, MJ-BL80Y21,http://img.alicdn.com/imgextra/i2/296136868/TB24RWYe90mpuFjSZPiXXbssVXa_!!296136868.jpg
390,midea/美的, MJ-BLBL1206A,http://img.alicdn.com/imgextra/i3/744600051/TB2oc44hb9YBuNjy0FgXXcxcXXa_!!744600051.jpg
391,midea/美的, MJ-LZ15Easy209,http://img.alicdn.com/imgextra/i4/2979107860/TB1CnGJux1YBuNjy1zcXXbNcXXa_!!2-item_pic.png
392,midea/美的, MJ-PB80Easy210,http://img.alicdn.com/imgextra/i1/3551003868/TB2dUn0gBjTBKNjSZFDXXbVgVXa_!!3551003868.jpg
393,midea/美的, MJ-Power701,http://img.alicdn.com/imgextra/i4/1098601372/TB2niogqb1YBuNjSszhXXcUsFXa_!!1098601372.jpg
394,midea/美的, MJ-WBL1008Q,http://img.alicdn.com/imgextra/i2/736092053/TB2bo.heLjM8KJjSZFyXXXdzVXa_!!736092053.jpg
395,midea/美的, MJ-WBL1021W,http://img.alicdn.com/imgextra/i1/1117995950/TB2YjmSngfH8KJjy1zcXXcTzpXa_!!1117995950.jpg
396,midea/美的, MJ-WBL1022S,http://img.alicdn.com/imgextra/i1/3551003868/TB24zROtbSYBuNjSspiXXXNzpXa_!!3551003868.jpg
397,midea/美的, MJ-WBL1031S,http://img.alicdn.com/imgextra/i4/3354821408/TB2RY9qr21TBuNjy0FjXXajyXXa_!!3354821408.jpg
398,midea/美的, MJ-WBL2501A,http://img.alicdn.com/imgextra/i3/201749140/TB1oAK8lOCYBuNkSnaVXXcMsVXa_!!2-item_pic.png
399,midea/美的, MJ-WBL2501B,http://img.alicdn.com/imgextra/i3/2207593630/TB2UKNvlndYBeNkSmLyXXXfnVXa_!!2207593630-0-item_pic.jpg
400,midea/美的, MJ-WBL2501C,http://img.alicdn.com/imgextra/i4/80281188/TB2H4gprbSYBuNjSspiXXXNzpXa_!!80281188.jpg
401,midea/美的, MJ-WBL2521H,http://img.alicdn.com/imgextra/i4/2973966816/TB1rBV.uwmTBuNjy1XbXXaMrVXa_!!2-item_pic.png
402,midea/美的, MJ-WBL2531H,http://img.alicdn.com/imgextra/i3/71816086/TB29tV0dxuTBuNkHFNRXXc9qpXa_!!71816086.jpg
403,midea/美的, MJ-WBL4531J,http://img.alicdn.com/imgextra/i1/1125184614/TB2MbB_eYwrBKNjSZPcXXXpapXa_!!1125184614.jpg
404,midea/美的, MJ-WBL8005P,http://img.alicdn.com/imgextra/i1/736092053/TB2x8VJknvI8KJjSspjXXcgjXXa_!!736092053.jpg
405,panasonic/松下, MK-GB1,http://img.alicdn.com/imgextra/i4/2471887644/TB2d6NHupOWBuNjy0FiXXXFxVXa_!!2471887644.jpg
406,panasonic/松下, MK-GH1,http://img.alicdn.com/imgextra/i4/669690917/TB1BW8jtStYBeNjSspaXXaOOFXa_!!0-item_pic.jpg
407,braun/博朗, MQ300,http://img.alicdn.com/imgextra/i3/1911588863/TB2KhXKgvImBKNjSZFlXXc43FXa_!!1911588863.jpg
408,braun/博朗, MQ3000,http://img.alicdn.com/imgextra/i1/1911588863/TB2wLverN1YBuNjy1zcXXbNcXXa_!!1911588863.jpg
409,braun/博朗, MQ3025,http://img.alicdn.com/imgextra/i3/1911588863/TB2jQsLs7SWBuNjSszdXXbeSpXa_!!1911588863.jpg
410,braun/博朗, MQ325,http://img.alicdn.com/imgextra/i1/485552487/TB2K_OYpSBYBeNjy0FeXXbnmFXa_!!485552487.jpg
411,braun/博朗, MQ500,http://img.alicdn.com/imgextra/i3/22502798/TB2blRnmXXXXXXmXXXXXXXXXXXX_!!22502798.jpg
412,braun/博朗, MQ5025,http://img.alicdn.com/imgextra/i1/1911588863/TB2dg5Igv6TBKNjSZJiXXbKVFXa_!!1911588863.jpg
413,braun/博朗, MQ5035,http://img.alicdn.com/imgextra/i4/1911588863/TB2eSMlgKEJL1JjSZFGXXa6OXXa_!!1911588863.jpg
414,braun/博朗, MQ505,http://img.alicdn.com/imgextra/i4/2896320679/TB14sAcueGSBuNjSspbXXciipXa_!!0-item_pic.jpg
415,braun/博朗, MQ525,http://img.alicdn.com/imgextra/i3/485552487/TB2yUqapQSWBuNjSszdXXbeSpXa_!!485552487.jpg
416,braun/博朗, MQ530,http://img.alicdn.com/imgextra/i1/1626645831/TB22syhaGagSKJjy0FcXXcZeVXa_!!1626645831.jpg
417,braun/博朗, MQ545,http://img.alicdn.com/imgextra/i4/2591395636/TB223Q6t9tYBeNjSspkXXbU8VXa_!!2591395636.jpg
418,braun/博朗, MQ700,http://img.alicdn.com/imgextra/i2/22502798/TB2uDj2nVXXXXbWXpXXXXXXXXXX_!!22502798.jpg
419,braun/博朗, MQ700料理机配件,http://img.alicdn.com/imgextra/i2/485552487/TB2fTYWowxlpuFjSszbXXcSVpXa_!!485552487.jpg
420,braun/博朗, MQ705,http://img.alicdn.com/imgextra/i2/485552487/TB2.v8ApQ9WBuNjSspeXXaz5VXa_!!485552487.jpg
421,braun/博朗, MQ735,http://img.alicdn.com/imgextra/i4/2829060891/TB1SF05SVXXXXbMXXXXXXXXXXXX_!!0-item_pic.jpg
422,braun/博朗, MQ745,http://img.alicdn.com/imgextra/i3/2829060891/TB1_SjCcxrI8KJjy0FpXXb5hVXa_!!0-item_pic.jpg
423,braun/博朗, MQ745/MQ785,http://img.alicdn.com/imgextra/i3/2549841410/TB1sJjxa29TBuNjy1zbXXXpepXa_!!0-item_pic.jpg
424,braun/博朗, MQ785,http://img.alicdn.com/imgextra/i4/2829060891/TB2keh8aPmfF1JjSspcXXXZMXXa_!!2829060891.jpg
425,braun/博朗, MQ787,http://img.alicdn.com/imgextra/i3/2591395636/TB2MT7JreuSBuNjy1XcXXcYjFXa_!!2591395636.jpg
426,braun/博朗, MQ9087X,http://img.alicdn.com/imgextra/i1/1911588863/TB2vQACeOMnBKNjSZFoXXbOSFXa_!!1911588863.jpg
427,panasonic/松下, MX-GS1,http://img.alicdn.com/imgextra/i4/669690917/TB1CjvFtv9TBuNjy1zbXXXpepXa_!!0-item_pic.jpg
428,panasonic/松下, MX-GX1061,http://img.alicdn.com/imgextra/i2/822324642/TB1ZLKjpr5YBuNjSspoXXbeNFXa_!!0-item_pic.jpg
429,panasonic/松下, MX-PSC101G1,http://img.alicdn.com/imgextra/i2/2743180191/TB1EodrsYGYBuNjy0FoXXciBFXa_!!0-item_pic.jpg
430,panasonic/松下, MX-S401,http://img.alicdn.com/imgextra/i2/1040259724/TB2yhY1liOYBuNjSsD4XXbSkFXa_!!1040259724-0-item_pic.jpg
431,panasonic/松下, MX-SS40,http://img.alicdn.com/imgextra/i4/2743180191/TB2Abl2s1uSBuNjSsziXXbq8pXa_!!2743180191-0-item_pic.jpg
432,panasonic/松下, MX-XC501,http://img.alicdn.com/imgextra/i4/669690917/TB18LnCtruWBuNjSszgXXb8jVXa_!!0-item_pic.jpg
433,panasonic/松下, MX-XC701,http://img.alicdn.com/imgextra/i2/669690917/TB1WvrNtx1YBuNjy1zcXXbNcXXa_!!0-item_pic.jpg
434,panasonic/松下, MX-ZX1800,http://img.alicdn.com/imgextra/i1/1040259724/TB2A70ttNWYBuNjy1zkXXXGGpXa_!!1040259724-0-item_pic.jpg
435,midea/美的, Power703,http://img.alicdn.com/imgextra/i3/1117995950/TB2xqzPdqSWBuNjSsrbXXa0mVXa_!!1117995950.jpg
436,royalstar/荣事达, RS-JR20E,http://img.alicdn.com/imgextra/i4/1749513003/TB2YPrFpCtYBeNjSspkXXbU8VXa_!!1749513003.jpg
437,royalstar/荣事达, RZ-1018C1,http://img.alicdn.com/imgextra/i2/3055986482/TB2tcdThSBYBeNjy0FeXXbnmFXa_!!3055986482.jpg
438,royalstar/荣事达, RZ-200S9,http://img.alicdn.com/imgextra/i4/738605732/TB2RMKJubGYBuNjy0FoXXciBFXa_!!738605732-0-item_pic.jpg
439,royalstar/荣事达, RZ-218A,http://img.alicdn.com/imgextra/i1/2209365845/TB2gFdBcRDH8KJjSspnXXbNAVXa_!!2209365845.jpg
440,royalstar/荣事达, RZ-283,http://img.alicdn.com/imgextra/i1/261351536/TB22gnvkiCYBuNkSnaVXXcMsVXa_!!261351536.jpg
441,royalstar/荣事达, RZ-378H,http://img.alicdn.com/imgextra/i3/866308259/TB2Uhs2dDlYBeNjSszcXXbwhFXa_!!866308259.jpg
442,royalstar/荣事达, RZ-505,http://img.alicdn.com/imgextra/i3/3235139028/TB2.ttqc8LN8KJjSZFpXXbZaVXa_!!3235139028.jpg
443,royalstar/荣事达, RZ-708H,http://img.alicdn.com/imgextra/i2/TB1bp1EPXXXXXbRaXXXXXXXXXXX_!!0-item_pic.jpg
444,royalstar/荣事达, RZ-718D,http://img.alicdn.com/imgextra/i1/TB1swk.PpXXXXaPXpXXXXXXXXXX_!!0-item_pic.jpg
445,royalstar/荣事达, RZ-8001,http://img.alicdn.com/imgextra/i2/3235139028/TB2f5gntY1YBuNjSszeXXablFXa_!!3235139028.jpg
446,royalstar/荣事达, RZ-8012,http://img.alicdn.com/imgextra/i3/3235139028/TB2V8Z5XcyYBuNkSnfoXXcWgVXa_!!3235139028.jpg
447,midea/美的, WBL1021S,http://img.alicdn.com/imgextra/i2/3551003868/TB2LBR7tbGYBuNjy0FoXXciBFXa_!!3551003868.jpg
448,midea/美的, WBL1022S,http://img.alicdn.com/imgextra/i2/1098601372/TB2zmOxjiCYBuNkHFCcXXcHtVXa_!!1098601372.jpg
449,midea/美的, WBL2531H,http://img.alicdn.com/imgextra/i3/902908509/TB2IFCdumBYBeNjy0FeXXbnmFXa_!!902908509-0-item_pic.jpg
450,midea/美的, WBL25B36,http://img.alicdn.com/imgextra/i1/2127676796/TB134pNhiCYBuNkHFCcXXcHtVXa_!!0-item_pic.jpg
451,joyoung/九阳, Y92,http://img.alicdn.com/imgextra/i3/364389183/TB2R1fbaxSYBuNjSspjXXX73VXa_!!364389183.jpg
452,philips/飞利浦, hr2101,http://img.alicdn.com/imgextra/i1/725490877/TB25OygdiQnBKNjSZFmXXcApVXa_!!725490877.jpg
453,philips/飞利浦, hr2872,http://img.alicdn.com/imgextra/i4/725490877/TB22O_4pDJYBeNjy1zeXXahzVXa_!!725490877.jpg
454,philips/飞利浦, hr2874,http://img.alicdn.com/imgextra/i3/352515099/TB2RF1ufTdYBeNkSmLyXXXfnVXa_!!352515099-0-item_pic.jpg
455,braun/博朗, mq9087,http://img.alicdn.com/imgextra/i2/105142850/TB2r5d4gILJ8KJjy0FnXXcFDpXa_!!105142850.jpg
456,panasonic/松下, mx-ss1,http://img.alicdn.com/imgextra/i4/1040259724/TB2oOErtuuSBuNjSsplXXbe8pXa_!!1040259724-0-item_pic.jpg
457,braun/博朗, 其它博朗榨汁机型号,http://img.alicdn.com/imgextra/i2/22502798/TB2Te5ibXXXXXaZXXXXXXXXXXXX-22502798.jpg
458,midea/美的, 美的破壁机,http://img.alicdn.com/imgextra/i2/1715436492/TB2fLBmgr9YBuNjy0FgXXcxcXXa_!!1715436492.jpg
459,圈厨,便携式果蔬料理机,http://img.alicdn.com/imgextra/i2/2348645197/TB2s2Lia1uSBuNjSsplXXbe8pXa_!!2348645197.jpg
460,ailhfm,小怪兽料理机,http://img.alicdn.com/imgextra/i4/1588475091/TB1sftzgrsrBKNjSZFpXXcXhFXa_!!2-item_pic.png
461,kambrook,搅拌机,http://img.alicdn.com/imgextra/i3/32943077/TB2XML.eJHO8KJjSZFtXXchfXXa_!!32943077.jpg
462,wmf,搅拌机,http://img.alicdn.com/imgextra/i3/2553412486/TB2JhtKl_XYBeNkHFrdXXciuVXa_!!2553412486-0-item_pic.jpg
463,kitchenaid,料理机,http://img.alicdn.com/imgextra/i3/876965799/TB2pDfFsY5YBuNjSspoXXbeNFXa_!!876965799.jpg
464,小厨师,晶钻Q1,http://img.alicdn.com/imgextra/i4/2842401449/TB1lR6GfRjTBKNjSZFDXXbVgVXa_!!0-item_pic.jpg
465,小厨师,晶钻Q2,http://img.alicdn.com/imgextra/i2/2842401449/TB2vaapeIyYBuNkSnfoXXcWgVXa_!!2842401449.jpg
466,小厨师,晶钻Q3,http://img.alicdn.com/imgextra/i1/2842401449/TB2AZzHmVuWBuNjSszbXXcS7FXa_!!2842401449-0-item_pic.jpg
467,欧八,欧八HL-A,http://img.alicdn.com/imgextra/i2/910387439/TB2zjEanXGWBuNjy0FbXXb4sXXa_!!910387439.jpg
468,wik/伟嘉,电动迷你搅拌机,http://img.alicdn.com/imgextra/i3/TB1iDPlHXXXXXc2XpXXXXXXXXXX_!!0-item_pic.jpg
469,vitamix/维他美仕,精进型,http://img.alicdn.com/imgextra/i2/666791631/TB2Mpbyi.dnpuFjSZPhXXbChpXa_!!666791631.jpg
